license_title,maintainer,private,maintainer_email,num_tags,id,metadata_created,metadata_modified,author,author_email,state,version,creator_user_id,type,num_resources,license_id,name,isopen,url,notes,owner_org,license_url,title,revision_id,download_cache_last_updated,download_package_id,download_datastore_contains_all_records_of_source_file,download_datastore_active,download_id,download_size,download_original_url,download_resource_id,download_set_url_type,download_state,download_ignore_hash,download_hash,download_description,download_format,download_mimetype_inner,download_url_type,download_mimetype,download_cache_url,download_name,download_created,download_url,download_ckan_url,download_task_created,download_last_modified,download_position,download_revision_id,download_resource_type
Creative Commons Attribution,"",FALSE,"",2,74c46e71-4791-4db9-a108-75e1a414c124,2020-03-02T18:45:38.691304,2020-03-02T18:46:11.820789,Open Institute,support@openinstitute.com,active,"",70b35848-e414-46b2-9d9f-c0614903e043,dataset,3,cc-by,2-5-distribution-of-population-by-urban-centres-sex-and-county,TRUE,https://www.knbs.or.ke/?wpdmpro=2019-kenya-population-and-housing-census-volume-ii-distribution-of-population-by-administrative-units,"",b520cded-0a69-4e1b-b556-ff5826c131aa,http://www.opendefinition.org/licenses/cc-by,"2.5 Distribution of Population by Urban Centres, Sex* and County",ce6f61d2-f153-4061-967b-ade0d3e2f533,,74c46e71-4791-4db9-a108-75e1a414c124,TRUE,TRUE,e731e579-622b-4828-87f1-5482ac17a7a3,13179,http://data.census.ke/dataset/74c46e71-4791-4db9-a108-75e1a414c124/resource/e731e579-622b-4828-87f1-5482ac17a7a3/download/census-2019-vol-ii-2.5-distribution-of-population-by-urban-centres-sex_-and-county.csv,e731e579-622b-4828-87f1-5482ac17a7a3,False,active,True,"","",CSV,,upload,text/csv,,"CENSUS 2019 Vol II - 2.5 Distribution of Population by Urban Centres, Sex_ and County.csv",2020-03-02T18:46:11.691188,http://data.census.ke/dataset/74c46e71-4791-4db9-a108-75e1a414c124/resource/e731e579-622b-4828-87f1-5482ac17a7a3/download/census-2019-vol-ii-2.5-distribution-of-population-by-urban-centres-sex_-and-county.csv,http://data.census.ke,2020-03-09 10:44:34.648368,2020-03-02T18:46:11.664647,2,ce6f61d2-f153-4061-967b-ade0d3e2f533,
Creative Commons Attribution,"",FALSE,"",3,402f5ac5-5dd9-4bda-a274-943a7955b1a1,2020-03-02T19:39:04.398708,2020-03-09T11:48:29.800506,open institute,support@openinstitute.com,active,"",70b35848-e414-46b2-9d9f-c0614903e043,dataset,3,cc-by,distribution-of-population-by-sex-number-of-households-land-area-population-density-and-county,TRUE,https://www.knbs.or.ke/?wpdmpro=2019-kenya-population-and-housing-census-volume-ii-distribution-of-population-by-administrative-units,"Table 2.2 DisDistribution of Population by Sex, Number of Households, Land Area, Population Density and Countytribution  of Population Sex, Number of Households, Land Area, Population Density County",b520cded-0a69-4e1b-b556-ff5826c131aa,http://www.opendefinition.org/licenses/cc-by,"Table 2.2 Distribution of Population by Sex, Number of Households, Land Area, Population Density and County",4f50ca87-27ed-4555-9136-110131b310da,,402f5ac5-5dd9-4bda-a274-943a7955b1a1,True,TRUE,a8cc3335-b1e7-4387-951e-532ab0dea528,3039,http://data.census.ke/dataset/402f5ac5-5dd9-4bda-a274-943a7955b1a1/resource/a8cc3335-b1e7-4387-951e-532ab0dea528/download/table-2.2-dist-of-popsex-nu-of-h-land-area-popdensity-county-1.csv,a8cc3335-b1e7-4387-951e-532ab0dea528,False,active,True,"","",CSV,,upload,text/csv,,"Table 2.2 Distribution of Population by Sex, Number of Households, Land Area, Population Density and County.csv",2020-03-02T19:39:22.095259,http://data.census.ke/dataset/402f5ac5-5dd9-4bda-a274-943a7955b1a1/resource/a8cc3335-b1e7-4387-951e-532ab0dea528/download/table-2.2-dist-of-popsex-nu-of-h-land-area-popdensity-county-1.csv,http://data.census.ke,2020-03-13 07:52:41.115411,2020-03-09T10:51:28.390260,0,c7e2b74f-d548-4d4e-b5ef-7af73640325f,
Creative Commons Attribution,"",FALSE,"",0,ee3f81a6-e52e-4559-bef5-ca198ff961d7,2020-03-04T12:08:26.525417,2020-03-04T12:10:25.622202,"","",active,"",70b35848-e414-46b2-9d9f-c0614903e043,dataset,1,cc-by,locations,TRUE,"","",b520cded-0a69-4e1b-b556-ff5826c131aa,http://www.opendefinition.org/licenses/cc-by,Locations,305e19fe-9845-42a2-84bc-aab26b1d1a05,,,,,,,,,,,,,,,,,,,,,,,,,,,
Creative Commons Attribution,"",FALSE,"",3,a6e4887a-d964-46ed-9ae4-6a84a452cb33,2020-03-02T16:58:24.687547,2020-03-09T08:18:35.924001,Open Institute,support@openinstitute.com,active,"",70b35848-e414-46b2-9d9f-c0614903e043,dataset,2,cc-by,population-by-age-sex-county-and-sub-county-table-2-3,TRUE,https://www.knbs.or.ke/?wpdmpro=2019-kenya-population-and-housing-census-volume-iii-distribution-of-population-by-age-sex-and-administrative-units,"",b520cded-0a69-4e1b-b556-ff5826c131aa,http://www.opendefinition.org/licenses/cc-by,"Population by Age, Sex, County and Sub-County - Table 2.3",a8285e3a-9dfb-4d4c-b668-b01a99a1d8cb,,a6e4887a-d964-46ed-9ae4-6a84a452cb33,TRUE,TRUE,3d54c733-e5cd-47b3-b297-236ad40dc10a,4447215,http://data.census.ke/dataset/a6e4887a-d964-46ed-9ae4-6a84a452cb33/resource/3d54c733-e5cd-47b3-b297-236ad40dc10a/download/table-2.3-full-population-by-age-sex-county-and-sub-county.csv,3d54c733-e5cd-47b3-b297-236ad40dc10a,False,active,True,"","",CSV,,upload,text/csv,,"Table 2.3 Full - Population by Age, Sex, County and Sub-County.csv",2020-03-02T16:59:07.392481,http://data.census.ke/dataset/a6e4887a-d964-46ed-9ae4-6a84a452cb33/resource/3d54c733-e5cd-47b3-b297-236ad40dc10a/download/table-2.3-full-population-by-age-sex-county-and-sub-county.csv,http://data.census.ke,2020-03-09 10:44:34.768327,2020-03-02T16:59:07.359523,1,978dbd09-dc55-44f9-a809-5a33407d4c5a,
Creative Commons Attribution,"",FALSE,"",1,07fcd445-02a1-4766-84d2-cfabd35f87fb,2020-03-02T17:01:11.037434,2020-03-04T22:09:55.358443,Open Institute,support@openinstitute.com,active,"",70b35848-e414-46b2-9d9f-c0614903e043,dataset,2,cc-by,rural-population-by-age-sex-and-county,TRUE,https://www.knbs.or.ke/?wpdmpro=2019-kenya-population-and-housing-census-volume-iii-distribution-of-population-by-age-sex-and-administrative-units,"Rural Population by Age, Sex and County",b520cded-0a69-4e1b-b556-ff5826c131aa,http://www.opendefinition.org/licenses/cc-by,"Rural Population by Age, Sex and County",361dffcb-d84b-4e1a-9da3-94663f5e1751,,07fcd445-02a1-4766-84d2-cfabd35f87fb,TRUE,TRUE,23872e87-2478-40e2-a560-b5094ccf7c55,188592,http://data.census.ke/dataset/07fcd445-02a1-4766-84d2-cfabd35f87fb/resource/23872e87-2478-40e2-a560-b5094ccf7c55/download/table-2.4a-rural-population-by-age-sex-and-county-full.csv,23872e87-2478-40e2-a560-b5094ccf7c55,False,active,True,"","",CSV,,upload,text/csv,,"Table 2.4a - Rural Population by Age, Sex and County - Full.csv",2020-03-02T17:01:35.383787,http://data.census.ke/dataset/07fcd445-02a1-4766-84d2-cfabd35f87fb/resource/23872e87-2478-40e2-a560-b5094ccf7c55/download/table-2.4a-rural-population-by-age-sex-and-county-full.csv,http://data.census.ke,2020-03-09 10:44:34.821045,2020-03-02T17:01:35.333692,1,5828614b-7246-4e98-b789-813343766e1d,
Creative Commons Attribution,"",FALSE,"",2,10119547-3e2e-466d-ad2d-78c8ffb6f17a,2020-03-02T19:41:48.389406,2020-03-02T19:42:19.157290,Open Institute,support@openinstitute.com,active,"",70b35848-e414-46b2-9d9f-c0614903e043,dataset,3,cc-by,table-1-2-list-of-counties-and-sub-counties,TRUE,https://www.knbs.or.ke/?wpdmpro=2019-kenya-population-and-housing-census-volume-ii-distribution-of-population-by-administrative-units, List of Counties and Sub-Counties,b520cded-0a69-4e1b-b556-ff5826c131aa,http://www.opendefinition.org/licenses/cc-by,Table 1.2 List of Counties and Sub-Counties,d2568f44-3bce-418c-bc16-c95d07fe5039,,10119547-3e2e-466d-ad2d-78c8ffb6f17a,TRUE,TRUE,25349068-40f1-4429-8448-6033c4473b2b,9040,http://data.census.ke/dataset/10119547-3e2e-466d-ad2d-78c8ffb6f17a/resource/25349068-40f1-4429-8448-6033c4473b2b/download/census-2019-vol-ii-table-1.2-list-of-counties-and-sub-counties.csv,25349068-40f1-4429-8448-6033c4473b2b,False,active,True,"","",CSV,,upload,text/csv,,CENSUS 2019 Vol II - Table 1.2 List of Counties and Sub-Counties.csv,2020-03-02T19:41:59.153410,http://data.census.ke/dataset/10119547-3e2e-466d-ad2d-78c8ffb6f17a/resource/25349068-40f1-4429-8448-6033c4473b2b/download/census-2019-vol-ii-table-1.2-list-of-counties-and-sub-counties.csv,http://data.census.ke,2020-03-09 10:44:34.849667,2020-03-02T19:41:59.130426,0,657177d7-2298-4f7b-8046-0ac4187c3e8f,
Creative Commons Attribution,"",FALSE,"",1,95361b21-2107-4dc3-b805-ebb67ee2c3b1,2020-03-04T19:34:04.880341,2020-03-09T12:02:52.155504,open institute,support@openinstitute.com,active,"",70b35848-e414-46b2-9d9f-c0614903e043,dataset,1,cc-by,table-2-10-hholds-and-tenure-status-of-dwelling-unit-by-area-of-residence-county-and-sub-county,TRUE,https://www.knbs.or.ke/?wpdmpro=2019-kenya-population-and-housing-census-volume-iv-distribution-of-population-by-socio-economic-characteristics,"Table 2.10: Distribution of Households and Tenure Status of Main Dwelling Unit by Area of Residence, County and Sub-County",b520cded-0a69-4e1b-b556-ff5826c131aa,http://www.opendefinition.org/licenses/cc-by,"Table 2.10: Households and Tenure Status of Dwelling Unit by Residence, County and Sub-County",6dd8e836-1dad-4233-8445-1c6a4bc53afd,,95361b21-2107-4dc3-b805-ebb67ee2c3b1,TRUE,TRUE,502a8946-2d08-41b1-8d53-069574e87901,21669,http://data.census.ke/dataset/95361b21-2107-4dc3-b805-ebb67ee2c3b1/resource/502a8946-2d08-41b1-8d53-069574e87901/download/volume_4-table-2.10_-households-status-of-main-dwelling-unit-by-area-of-residence-county-n-sub-c.csv,502a8946-2d08-41b1-8d53-069574e87901,False,active,False,"","",CSV,,upload,text/csv,,volume_4-table-2.10_-households-status-of-main-dwelling-unit-by-area-of-residence-county-n-sub-c.csv,2020-03-08T17:57:44.556087,http://data.census.ke/dataset/95361b21-2107-4dc3-b805-ebb67ee2c3b1/resource/502a8946-2d08-41b1-8d53-069574e87901/download/volume_4-table-2.10_-households-status-of-main-dwelling-unit-by-area-of-residence-county-n-sub-c.csv,http://data.census.ke,2020-03-09 12:02:52.220228,2020-03-08T17:57:44.529999,0,0c8dadfc-af05-4793-9bd4-2f545a0ab3fd,
Creative Commons Attribution,"",FALSE,"",2,64209522-7645-43a3-b71b-a4fe835c1a18,2020-03-04T19:40:18.243055,2020-03-10T07:30:31.315987,open institute,support@openinstitute.com,active,"",70b35848-e414-46b2-9d9f-c0614903e043,dataset,3,cc-by,table-2-11a-hholds-owning-the-dwelling-unit-by-mode-of-acquisition-residence-county-and-sub-county,TRUE,"","Table 2.11a: Distribution of Households Owning the Main Dwelling Unit by Mode of Acquisition, Area of Residence, County
and Sub-County",b520cded-0a69-4e1b-b556-ff5826c131aa,http://www.opendefinition.org/licenses/cc-by,"Table 2.11a: Households Owning the Dwelling Unit by Mode of Acquisition, Residence, County and Sub-County",14cf5ffd-063a-4e58-9e08-b143004b7682,,64209522-7645-43a3-b71b-a4fe835c1a18,TRUE,TRUE,b18b1bfa-a990-498a-b27d-d221255a0db2,18535,http://data.census.ke/dataset/64209522-7645-43a3-b71b-a4fe835c1a18/resource/b18b1bfa-a990-498a-b27d-d221255a0db2/download/volume_4-table-2.11a_-main-dwelling-unit-by-mode-of-acquisition-area-of-residence-county-and-sub.csv,b18b1bfa-a990-498a-b27d-d221255a0db2,False,active,False,"","",CSV,,upload,text/csv,,"volume_4 - Table 2.11a_  Main Dwelling Unit by Mode of Acquisition, Area of Residence, County and Sub-County.csv",2020-03-04T19:42:18.235871,http://data.census.ke/dataset/64209522-7645-43a3-b71b-a4fe835c1a18/resource/b18b1bfa-a990-498a-b27d-d221255a0db2/download/volume_4-table-2.11a_-main-dwelling-unit-by-mode-of-acquisition-area-of-residence-county-and-sub.csv,http://data.census.ke,2020-03-10 07:30:31.469287,2020-03-10T07:29:24.962353,1,a94789b1-d361-4e3a-9c67-833505ac08ee,
Creative Commons Attribution,"",FALSE,"",2,b09fdca3-e77b-4da2-a551-04538394502c,2020-03-04T19:44:51.714564,2020-03-10T06:25:56.743924,open institute,support@openinstitute.com,active,"",70b35848-e414-46b2-9d9f-c0614903e043,dataset,2,cc-by,table-2-11b-hholds-renting-with-the-dwelling-unit-by-provider-residence-county-and-sub-county,TRUE,https://www.knbs.or.ke/?wpdmpro=2019-kenya-population-and-housing-census-volume-iv-distribution-of-population-by-socio-economic-characteristics,"Table 2.11b: Distribution of Households Renting/Provided with the Main Dwelling Unit by Provider, Area of Residence, County and Sub-County",b520cded-0a69-4e1b-b556-ff5826c131aa,http://www.opendefinition.org/licenses/cc-by,"Table 2.11b: Households Renting with the Dwelling Unit by Provider, Area of Residence, County and Sub-County",ef9d4d74-bfc5-4879-9f72-22a4d8623e9b,,b09fdca3-e77b-4da2-a551-04538394502c,TRUE,TRUE,c8a515e8-e472-4f36-9c0a-fe728f0283a5,26196,http://data.census.ke/dataset/b09fdca3-e77b-4da2-a551-04538394502c/resource/c8a515e8-e472-4f36-9c0a-fe728f0283a5/download/volume_4-table-2.11b_-renting-with-mdwelling-unit-by-provider-area-of-residence-county-and-sub-c.csv,c8a515e8-e472-4f36-9c0a-fe728f0283a5,False,active,False,"","",CSV,,upload,text/csv,,"Table 2.11b  Renting with Dwelling Unit by Provider, Area of Residence, County and Sub-County.csv",2020-03-04T19:47:27.769209,http://data.census.ke/dataset/b09fdca3-e77b-4da2-a551-04538394502c/resource/c8a515e8-e472-4f36-9c0a-fe728f0283a5/download/volume_4-table-2.11b_-renting-with-mdwelling-unit-by-provider-area-of-residence-county-and-sub-c.csv,http://data.census.ke,2020-03-10 06:25:56.931847,2020-03-09T19:39:44.606614,1,db64cf0d-6346-4c27-8534-1627c0cc884d,
Creative Commons Attribution,"",FALSE,"",3,23123482-cb26-45b2-b0a5-13082736f0af,2020-03-04T19:54:14.779080,2020-03-10T07:36:42.316966,open institute,support@openinstitute.com,active,"",70b35848-e414-46b2-9d9f-c0614903e043,dataset,2,cc-by,table-2-12-hholds-by-dominant-roofing-material-of-main-dwelling-unit-residence-county-and-sub-county,TRUE,https://www.knbs.or.ke/?wpdmpro=2019-kenya-population-and-housing-census-volume-iv-distribution-of-population-by-socio-economic-characteristics,"Table 2.12: Percentage Distribution of Conventional Households by Dominant Roofing Material of Main Dwelling Unit, Area of Residence, County and Sub-County",b520cded-0a69-4e1b-b556-ff5826c131aa,http://www.opendefinition.org/licenses/cc-by,"Table 2.12: Households by Dominant Roofing Material of Main Dwelling Unit, Residence, County and Sub-County",71ca6914-32ee-44f5-a8ca-32b7c957be24,,23123482-cb26-45b2-b0a5-13082736f0af,TRUE,TRUE,1aae2b4b-7ff1-4085-b3d4-d85d404d6eb1,24392,http://data.census.ke/dataset/23123482-cb26-45b2-b0a5-13082736f0af/resource/1aae2b4b-7ff1-4085-b3d4-d85d404d6eb1/download/volume_4-table-2.12_-hholds-by-rmaterial-of-mdwelling-unit-area-of-residence-county-and-sub-coun.csv,1aae2b4b-7ff1-4085-b3d4-d85d404d6eb1,False,active,False,"","",CSV,,upload,text/csv,,"volume_4 - Table 2.12_   Hholds by RMaterial of MDwelling Unit, Area of Residence, County and Sub-County.csv",2020-03-04T19:54:58.609171,http://data.census.ke/dataset/23123482-cb26-45b2-b0a5-13082736f0af/resource/1aae2b4b-7ff1-4085-b3d4-d85d404d6eb1/download/volume_4-table-2.12_-hholds-by-rmaterial-of-mdwelling-unit-area-of-residence-county-and-sub-coun.csv,http://data.census.ke,2020-03-10 07:36:42.389448,2020-03-10T07:33:49.363835,0,0552dd2f-6461-422e-a9da-916daadb6429,
Creative Commons Attribution,"",FALSE,"",2,e852f86c-6030-4835-ac61-0fe0b2bde6b6,2020-03-04T19:57:55.464908,2020-03-09T15:56:18.462633,open institute,support@openinstitute.com,active,"",70b35848-e414-46b2-9d9f-c0614903e043,dataset,2,cc-by,table-2-13-conventional-hholds-bywall-material-of-dwelling-unit-residence-county-and-scounty,TRUE,https://www.knbs.or.ke/?wpdmpro=2019-kenya-population-and-housing-census-volume-iv-distribution-of-population-by-socio-economic-characteristics,"Table 2.13: Percentage Distribution of Conventional Households by Dominant Wall Material of Main Dwelling Unit, Area of Residence, County and Sub-County",b520cded-0a69-4e1b-b556-ff5826c131aa,http://www.opendefinition.org/licenses/cc-by,"Table 2.13: Households by  Wall Material of Dwelling Unit, Residence, County and SCounty",cdb4b1d2-0006-41f0-8212-e8c5e1aa2468,,e852f86c-6030-4835-ac61-0fe0b2bde6b6,TRUE,TRUE,416d5be1-3e12-48b6-ba32-915f96f2a9cf,31489,http://data.census.ke/dataset/e852f86c-6030-4835-ac61-0fe0b2bde6b6/resource/416d5be1-3e12-48b6-ba32-915f96f2a9cf/download/volume_4-table-2.13_-hholds-by-dwall-material-of-mdwelling-unit-area-of-residence-county-and-sub.csv,416d5be1-3e12-48b6-ba32-915f96f2a9cf,False,active,False,"","",CSV,,upload,text/csv,,"Table 2.13: Households by Wall Material of Dwelling Unit, Residence, County and Sub-County.csv",2020-03-04T19:58:37.403749,http://data.census.ke/dataset/e852f86c-6030-4835-ac61-0fe0b2bde6b6/resource/416d5be1-3e12-48b6-ba32-915f96f2a9cf/download/volume_4-table-2.13_-hholds-by-dwall-material-of-mdwelling-unit-area-of-residence-county-and-sub.csv,http://data.census.ke,2020-03-09 15:56:18.600110,2020-03-09T15:54:34.057316,0,879bfa0e-e24d-41b3-b705-2d5d3ceceedd,
Creative Commons Attribution,"",FALSE,"",2,6010eefa-b8fb-4912-b109-3fd72b450212,2020-03-04T20:02:11.460477,2020-03-10T08:34:10.666388,open institute,support@openinstitute.com,active,"",70b35848-e414-46b2-9d9f-c0614903e043,dataset,2,cc-by,table-2-14-hholds-by-floor-material-of-the-dwelling-unit-residence-county-and-sub-county,TRUE,https://www.knbs.or.ke/?wpdmpro=2019-kenya-population-and-housing-census-volume-iv-distribution-of-population-by-socio-economic-characteristics,"Table 2.14: Percentage Distribution of Conventional Households by Dominant Floor Material of the Main Dwelling Unit, Area of Residence, County and Sub County",b520cded-0a69-4e1b-b556-ff5826c131aa,http://www.opendefinition.org/licenses/cc-by,"Table 2.14: Households by Floor Material of the  Dwelling Unit, Residence, County and Sub County",087ed0b3-357c-44f6-8b43-c5682eab697f,,6010eefa-b8fb-4912-b109-3fd72b450212,TRUE,TRUE,9fb7ee89-6b7f-4828-a2c1-354bbeb99279,21369,http://data.census.ke/dataset/6010eefa-b8fb-4912-b109-3fd72b450212/resource/9fb7ee89-6b7f-4828-a2c1-354bbeb99279/download/volume_4-table-2.14_-hholds-by-dfloor-material-of-mdwelling-unit-area-of-residence-county-and-su.csv,9fb7ee89-6b7f-4828-a2c1-354bbeb99279,False,active,False,"","",CSV,,upload,text/csv,,"volume_4 - Table 2.14_  Hholds by DFloor Material of  MDwelling Unit, Area of Residence, County and Sub County.csv",2020-03-04T20:02:58.668970,http://data.census.ke/dataset/6010eefa-b8fb-4912-b109-3fd72b450212/resource/9fb7ee89-6b7f-4828-a2c1-354bbeb99279/download/volume_4-table-2.14_-hholds-by-dfloor-material-of-mdwelling-unit-area-of-residence-county-and-su.csv,http://data.census.ke,2020-03-10 08:34:10.790667,2020-03-04T20:02:58.642307,0,251f3827-e841-4290-a8f6-5959edcd13c4,
Creative Commons Attribution,"",FALSE,"",4,c550992a-6b4f-437c-b5fc-a1b8e0c0e1fc,2020-03-04T20:06:00.320029,2020-03-09T11:36:07.050627,open institute,support@openinstitute.com,active,"",70b35848-e414-46b2-9d9f-c0614903e043,dataset,2,cc-by,table-2-15-hholds-by-main-source-of-drinking-water-residence-county-and-sub-county,TRUE,https://www.knbs.or.ke/?wpdmpro=2019-kenya-population-and-housing-census-volume-iv-distribution-of-population-by-socio-economic-characteristics,"Table 2.15: Percentage Distribution of Conventional Households by Main Source of Drinking Water, Area of Residence, County and Sub-County",b520cded-0a69-4e1b-b556-ff5826c131aa,http://www.opendefinition.org/licenses/cc-by,"Table 2.15: Households by Main Source of Drinking Water,  Residence, County and Sub-County",56836c21-80db-4230-9685-9668d864403d,,c550992a-6b4f-437c-b5fc-a1b8e0c0e1fc,TRUE,TRUE,9ed43df7-de6b-491a-b7b3-97df4ea3c061,30650,http://data.census.ke/dataset/c550992a-6b4f-437c-b5fc-a1b8e0c0e1fc/resource/9ed43df7-de6b-491a-b7b3-97df4ea3c061/download/volume_4-table-2.15_chouseholds-by-main-source-of-drinking-water-area-of-residence-county-and-su.csv,9ed43df7-de6b-491a-b7b3-97df4ea3c061,False,active,False,"","",CSV,,upload,text/csv,,"volume_4 - Table 2.15_CHouseholds by Main Source of Drinking Water, Area of Residence, County and Sub-County.csv",2020-03-04T20:09:06.383414,http://data.census.ke/dataset/c550992a-6b4f-437c-b5fc-a1b8e0c0e1fc/resource/9ed43df7-de6b-491a-b7b3-97df4ea3c061/download/volume_4-table-2.15_chouseholds-by-main-source-of-drinking-water-area-of-residence-county-and-su.csv,http://data.census.ke,2020-03-09 11:36:07.185386,2020-03-09T09:30:51.671231,0,1eed440a-fd77-4311-9ed1-e8998e35a69c,
Creative Commons Attribution,"",FALSE,"",1,cab807b8-99c1-43e7-8cf9-4e4056f05c4e,2020-03-04T20:12:14.304211,2020-03-09T16:04:14.816206,open institute,support@openinstitute.com,active,"",70b35848-e414-46b2-9d9f-c0614903e043,dataset,2,cc-by,table-2-16-households-by-main-mode-of-human-waste-disposal-residence-county-and-sub-county,TRUE,https://www.knbs.or.ke/?wpdmpro=2019-kenya-population-and-housing-census-volume-iv-distribution-of-population-by-socio-economic-characteristics,"Table 2.16: Percentage Distribution of Conventional Households by Main Mode of Human Waste Disposal, Area of Residence, County and Sub-County",b520cded-0a69-4e1b-b556-ff5826c131aa,http://www.opendefinition.org/licenses/cc-by,"Table 2.16: Households by Main Mode of Human Waste Disposal, Residence, County and Sub-County",371bb4d3-45ec-4a87-8864-c2f697417624,,cab807b8-99c1-43e7-8cf9-4e4056f05c4e,TRUE,TRUE,35db489f-1955-4ca1-9c53-f02a89983048,21529,http://data.census.ke/dataset/cab807b8-99c1-43e7-8cf9-4e4056f05c4e/resource/35db489f-1955-4ca1-9c53-f02a89983048/download/volume_4-table-2.16_-chouseholds-by-mmode-of-human-waste-disposal-area-of-residence-county-and-s.csv,35db489f-1955-4ca1-9c53-f02a89983048,False,active,False,"","",CSV,,upload,text/csv,,"Table 2.16: Households by Main Mode of Human Waste Disposal, Residence, County and Sub-County.csv",2020-03-04T20:13:47.057690,http://data.census.ke/dataset/cab807b8-99c1-43e7-8cf9-4e4056f05c4e/resource/35db489f-1955-4ca1-9c53-f02a89983048/download/volume_4-table-2.16_-chouseholds-by-mmode-of-human-waste-disposal-area-of-residence-county-and-s.csv,http://data.census.ke,2020-03-09 16:04:14.880177,2020-03-05T00:58:47.384923,0,d0468172-44f8-4d81-bab3-8623257384b6,
Creative Commons Attribution,"",FALSE,"",1,7848c0af-f864-42cf-a8a3-b61f66814979,2020-03-04T20:17:42.114370,2020-03-10T07:42:20.618157,open institute,support@openinstitute.com,active,"",70b35848-e414-46b2-9d9f-c0614903e043,dataset,2,cc-by,table-2-17-hholds-by-main-mode-of-solid-waste-disposal-area-of-residence-county-and-sub-county,TRUE,https://www.knbs.or.ke/?wpdmpro=2019-kenya-population-and-housing-census-volume-iv-distribution-of-population-by-socio-economic-characteristics,"Table 2.17: Percentage Distribution of Conventional Households by Main Mode of Solid Waste Disposal, Area of Residence, County and Sub-County",b520cded-0a69-4e1b-b556-ff5826c131aa,http://www.opendefinition.org/licenses/cc-by,"Table 2.17: Households by Main Mode of Solid Waste Disposal, Area of Residence, County and Sub-County",7b26c491-04ba-48a3-95db-9c636b11d69d,,7848c0af-f864-42cf-a8a3-b61f66814979,TRUE,TRUE,8f7705de-f12d-4336-b716-2732033cdc55,23384,http://data.census.ke/dataset/7848c0af-f864-42cf-a8a3-b61f66814979/resource/8f7705de-f12d-4336-b716-2732033cdc55/download/volume_4-table-2.17_-chouseholds-by-mmode-of-solid-waste-disposal-area-of-residence-county-and-s.csv,8f7705de-f12d-4336-b716-2732033cdc55,False,active,False,"","",CSV,,upload,text/csv,,"volume_4 - Table 2.17_ CHouseholds by MMode of Solid Waste Disposal, Area of Residence, County and Sub-County.csv",2020-03-04T20:17:54.587529,http://data.census.ke/dataset/7848c0af-f864-42cf-a8a3-b61f66814979/resource/8f7705de-f12d-4336-b716-2732033cdc55/download/volume_4-table-2.17_-chouseholds-by-mmode-of-solid-waste-disposal-area-of-residence-county-and-s.csv,http://data.census.ke,2020-03-10 07:42:20.742973,2020-03-10T07:38:55.331374,0,b656fb52-51e3-4da2-8c07-d6f56d17cd36,
Creative Commons Attribution,"",FALSE,"",2,fe67e1c7-36cf-4421-b267-f6aa6c34bead,2020-03-04T20:21:09.814639,2020-03-09T16:06:03.980976,open institute,support@openinstitute.com,active,"",70b35848-e414-46b2-9d9f-c0614903e043,dataset,2,cc-by,table-2-18-hholds-by-main-type-of-cooking-fuel-area-of-residence-county-and-sub-county,TRUE,"","Table 2.18: Percentage Distribution of Conventional Households by Main Type of Cooking Fuel, Area of Residence, County and Sub-County",b520cded-0a69-4e1b-b556-ff5826c131aa,http://www.opendefinition.org/licenses/cc-by,"Table 2.18:  Households by Main Type of Cooking Fuel, Area of Residence, County and Sub-County",a2a51bac-6ec6-4484-ad2a-c107388ff62b,,fe67e1c7-36cf-4421-b267-f6aa6c34bead,TRUE,TRUE,5ec81f84-b261-4502-b29f-c7fe5b911516,19692,http://data.census.ke/dataset/fe67e1c7-36cf-4421-b267-f6aa6c34bead/resource/5ec81f84-b261-4502-b29f-c7fe5b911516/download/volume_4-table-2.18_chouseholds-by-main-type-of-cooking-fuel-area-of-residence-county-and-sub-co.csv,5ec81f84-b261-4502-b29f-c7fe5b911516,False,active,False,"","",CSV,,upload,text/csv,,volume_4-table-2.18_chouseholds-by-main-type-of-cooking-fuel-area-of-residence-county-and-sub-co.csv,2020-03-09T16:04:07.422212,http://data.census.ke/dataset/fe67e1c7-36cf-4421-b267-f6aa6c34bead/resource/5ec81f84-b261-4502-b29f-c7fe5b911516/download/volume_4-table-2.18_chouseholds-by-main-type-of-cooking-fuel-area-of-residence-county-and-sub-co.csv,http://data.census.ke,2020-03-09 16:06:04.113595,2020-03-09T16:04:07.396262,0,c9c10451-8c6a-4bb2-be4e-d8a5fd886f6b,
Creative Commons Attribution,"",FALSE,"",2,1d2b5a85-9532-4fbf-95be-c5f46dadd0d7,2020-03-04T20:24:13.018223,2020-03-10T07:50:43.121188,open institute,support@openinstitute.com,active,"",70b35848-e414-46b2-9d9f-c0614903e043,dataset,2,cc-by,table-2-19-households-by-main-type-of-lighting-fuel-residence-county-and-sub-county,TRUE,https://www.knbs.or.ke/?wpdmpro=2019-kenya-population-and-housing-census-volume-iv-distribution-of-population-by-socio-economic-characteristics,"Table 2.19: Percentage Distribution of Conventional Households by Main Type of Lighting Fuel, Area of Residence, County and Sub-County",b520cded-0a69-4e1b-b556-ff5826c131aa,http://www.opendefinition.org/licenses/cc-by,"Table 2.19: Households by Main Type of Lighting Fuel, Residence, County and Sub-County",dda15aa2-65ef-4a42-a9a5-d89388f7669f,,1d2b5a85-9532-4fbf-95be-c5f46dadd0d7,TRUE,TRUE,56b9ff6a-fb1f-47b4-aa92-41120ca73b89,26680,http://data.census.ke/dataset/1d2b5a85-9532-4fbf-95be-c5f46dadd0d7/resource/56b9ff6a-fb1f-47b4-aa92-41120ca73b89/download/volume_4-table-2.19_-chouseholds-by-main-type-of-lighting-fuel-area-of-residence-county-and-sub-.csv,56b9ff6a-fb1f-47b4-aa92-41120ca73b89,False,active,False,"","",CSV,,upload,text/csv,,"volume_4 - Table 2.19_ CHouseholds by Main Type of Lighting Fuel, Area of Residence, County and Sub-County.csv",2020-03-04T20:24:24.769592,http://data.census.ke/dataset/1d2b5a85-9532-4fbf-95be-c5f46dadd0d7/resource/56b9ff6a-fb1f-47b4-aa92-41120ca73b89/download/volume_4-table-2.19_-chouseholds-by-main-type-of-lighting-fuel-area-of-residence-county-and-sub-.csv,http://data.census.ke,2020-03-10 07:50:43.192721,2020-03-10T07:47:51.923438,0,c0ceda07-6abf-49a9-9e39-03260a27aefa,
Creative Commons Attribution,"",FALSE,"",0,5190c544-10a1-4a37-82ff-503e6236406e,2020-03-10T12:36:46.339862,2020-03-10T12:39:45.275213,open institute,support@openinstitute.com,active,"",70b35848-e414-46b2-9d9f-c0614903e043,dataset,3,cc-by,table-2-1-sub-locations-with-no-people-on-the-census-night-by-status-reason,TRUE,https://www.knbs.or.ke/?wpdmpro=2019-kenya-population-and-housing-census-volume-iv-distribution-of-population-by-socio-economic-characteristics,Table 2. 1: Sub-locations with no People on the Census Night by Status/Reason,b520cded-0a69-4e1b-b556-ff5826c131aa,http://www.opendefinition.org/licenses/cc-by,Table 2. 1: Sub-locations with no People on the Census Night by Status/Reason,cb5f5415-0313-488a-92d4-72631b773b28,,5190c544-10a1-4a37-82ff-503e6236406e,TRUE,TRUE,0ed2fb3f-1065-4213-8671-0bb8bdd41c7a,589,http://data.census.ke/dataset/5190c544-10a1-4a37-82ff-503e6236406e/resource/0ed2fb3f-1065-4213-8671-0bb8bdd41c7a/download/table-2.-1-sub-locations-with-no-people-on-the-census-night-by-status-reason.csv,0ed2fb3f-1065-4213-8671-0bb8bdd41c7a,False,active,False,"","",CSV,,upload,text/csv,,Table 2. 1: Sub-locations with no People on the Census Night by Status Reason.csv,2020-03-10T12:39:44.887790,http://data.census.ke/dataset/5190c544-10a1-4a37-82ff-503e6236406e/resource/0ed2fb3f-1065-4213-8671-0bb8bdd41c7a/download/table-2.-1-sub-locations-with-no-people-on-the-census-night-by-status-reason.csv,http://data.census.ke,2020-03-10 12:39:44.947560,2020-03-10T12:39:44.865232,2,cb5f5415-0313-488a-92d4-72631b773b28,
Creative Commons Attribution,"",FALSE,"",3,48a72503-febe-4fb4-add2-df76ecb07667,2020-03-04T20:27:23.851909,2020-03-10T07:57:58.565085,open institute,support@openinstitute.com,active,"",70b35848-e414-46b2-9d9f-c0614903e043,dataset,2,cc-by,table-2-20-households-practicing-agriculture-fishing-and-irrigation-by-county-and-sub-county,TRUE,"","Table 2.20: Distribution of Households Practicing Agriculture, Fishing and Irrigation by County and Sub County",b520cded-0a69-4e1b-b556-ff5826c131aa,http://www.opendefinition.org/licenses/cc-by,"Table 2.20: Households Practicing Agriculture, Fishing and Irrigation by County and Sub County",552d7dd6-9482-4f4a-8fbf-19af2857232a,,48a72503-febe-4fb4-add2-df76ecb07667,TRUE,TRUE,78699f53-bde2-4705-8836-88a43abe957f,9282,http://data.census.ke/dataset/48a72503-febe-4fb4-add2-df76ecb07667/resource/78699f53-bde2-4705-8836-88a43abe957f/download/volume_4-table-2.20_households-practicing-agriculture-fishing-and-irrigation-by-county-and-sub-c.csv,78699f53-bde2-4705-8836-88a43abe957f,False,active,False,"","",CSV,,upload,text/csv,,"volume_4 - Table 2.20_Households Practicing Agriculture, Fishing and Irrigation by County and Sub County (1).csv",2020-03-04T20:28:59.820032,http://data.census.ke/dataset/48a72503-febe-4fb4-add2-df76ecb07667/resource/78699f53-bde2-4705-8836-88a43abe957f/download/volume_4-table-2.20_households-practicing-agriculture-fishing-and-irrigation-by-county-and-sub-c.csv,http://data.census.ke,2020-03-10 07:57:57.425536,2020-03-10T07:57:21.697288,0,8c39f438-2558-4b69-996e-edcd32656559,
Creative Commons Attribution,"",FALSE,"",1,692c655f-76b2-4947-b842-51494b79a875,2020-03-04T20:32:30.255368,2020-03-10T08:10:00.641792,open institute,support@openinstitute.com,active,"",70b35848-e414-46b2-9d9f-c0614903e043,dataset,3,cc-by,table-2-21-households-growing-permanent-crops-by-type-and-county,TRUE,https://www.knbs.or.ke/?wpdmpro=2019-kenya-population-and-housing-census-volume-iv-distribution-of-population-by-socio-economic-characteristics,Table 2.21: Distribution of Households Growing Permanent Crops by Type and County,b520cded-0a69-4e1b-b556-ff5826c131aa,http://www.opendefinition.org/licenses/cc-by,Table 2.21:  Households Growing Permanent Crops by Type and County,0ed89f91-d5cc-452f-970e-906fcc8f25d0,,692c655f-76b2-4947-b842-51494b79a875,TRUE,TRUE,8622f504-ea91-42f6-b257-fa8b203c1577,2556,http://data.census.ke/dataset/692c655f-76b2-4947-b842-51494b79a875/resource/8622f504-ea91-42f6-b257-fa8b203c1577/download/volume_4-table-2.21_-households-growing-permanent-crops-by-type-and-county.csv,8622f504-ea91-42f6-b257-fa8b203c1577,False,active,False,"","",CSV,,upload,text/csv,,volume_4 - Table 2.21_ Households Growing Permanent Crops by Type and County.csv,2020-03-04T20:33:59.466085,http://data.census.ke/dataset/692c655f-76b2-4947-b842-51494b79a875/resource/8622f504-ea91-42f6-b257-fa8b203c1577/download/volume_4-table-2.21_-households-growing-permanent-crops-by-type-and-county.csv,http://data.census.ke,2020-03-10 08:10:00.868051,2020-03-04T20:33:59.441774,1,3bc1c634-177b-4adc-8041-c107c457109a,
Creative Commons Attribution,"",FALSE,"",2,2f8a9774-2acc-4f45-aa8f-121841b2a62a,2020-03-04T20:35:48.035449,2020-03-10T08:20:31.264737,open institute,support@openinstitute.com,active,"",70b35848-e414-46b2-9d9f-c0614903e043,dataset,2,cc-by,table-2-23-households-rearing-livestock-and-fish-by-county-and-sub-county,TRUE,https://www.knbs.or.ke/?wpdmpro=2019-kenya-population-and-housing-census-volume-iv-distribution-of-population-by-socio-economic-characteristics,Table 2.23: Distribution of Households Rearing Livestock and Fish by County and Sub County,b520cded-0a69-4e1b-b556-ff5826c131aa,http://www.opendefinition.org/licenses/cc-by,Table 2.23: Households Rearing Livestock and Fish by County and Sub County,b33a3477-2bd8-400f-9ec6-87bd97e5d227,,2f8a9774-2acc-4f45-aa8f-121841b2a62a,TRUE,TRUE,84f4ced7-afc5-49a8-b03a-58bbc9a8a154,31700,http://data.census.ke/dataset/2f8a9774-2acc-4f45-aa8f-121841b2a62a/resource/84f4ced7-afc5-49a8-b03a-58bbc9a8a154/download/volume_4-table-2.23_-households-rearing-livestock-and-fish-by-county-and-sub-county.csv,84f4ced7-afc5-49a8-b03a-58bbc9a8a154,False,active,False,"","",CSV,,upload,text/csv,,volume_4 - Table 2.23_ Households Rearing Livestock and Fish by County and Sub County.csv,2020-03-04T20:38:03.253120,http://data.census.ke/dataset/2f8a9774-2acc-4f45-aa8f-121841b2a62a/resource/84f4ced7-afc5-49a8-b03a-58bbc9a8a154/download/volume_4-table-2.23_-households-rearing-livestock-and-fish-by-county-and-sub-county.csv,http://data.census.ke,2020-03-10 08:20:31.326246,2020-03-10T08:19:20.236596,0,bf5a7219-3081-4159-92cd-96410f96a3f1,
Creative Commons Attribution,"",FALSE,"",0,7e52300d-4f12-4a09-a5c1-b73dd95385d2,2020-03-03T09:47:26.639268,2020-03-10T06:50:48.342216,open institute,support@openinstitute.com,active,"",70b35848-e414-46b2-9d9f-c0614903e043,dataset,3,cc-by,table-2-2-3-years-and-above-by-school-attendance-status-area-of-residence-sex-county-and-sub-county,TRUE,https://www.knbs.or.ke/?wpdmpro=2019-kenya-population-and-housing-census-volume-iv-distribution-of-population-by-socio-economic-characteristics,"Table 2.2: Distribution of Population Age 3 Years and Above by School Attendance Status, Area of Residence, Sex, County and Sub-County",b520cded-0a69-4e1b-b556-ff5826c131aa,http://www.opendefinition.org/licenses/cc-by,"Table 2.2 Age 3 Years and Above by Attendance,residence,sex and county",27d3472e-d2f1-4eb3-9e27-41978422250a,,7e52300d-4f12-4a09-a5c1-b73dd95385d2,FALSE,TRUE,dacd3659-121d-4ec3-8a72-d000f98d0beb,77593,,,,active,,"","",CSV,,upload,text/csv,,volume_4-tbl-2.2_-age-3-years-n-above-by-school-attendance-status-a-of-residence-sex-c-n-scounty.csv,2020-03-03T09:51:16.057779,http://data.census.ke/dataset/7e52300d-4f12-4a09-a5c1-b73dd95385d2/resource/dacd3659-121d-4ec3-8a72-d000f98d0beb/download/volume_4-tbl-2.2_-age-3-years-n-above-by-school-attendance-status-a-of-residence-sex-c-n-scounty.csv,,,2020-03-10T06:49:31.291925,1,afa158a0-67ee-4bcf-91f6-7f3da09b450f,
Creative Commons Attribution,"",FALSE,"",1,cc59025c-fc70-4fc8-b2b6-3ca7bd486dae,2020-03-04T20:42:09.004608,2020-03-09T12:02:07.450490,open institute,support@openinstitute.com,active,"",70b35848-e414-46b2-9d9f-c0614903e043,dataset,2,cc-by,table-2-24-population-by-type-fish-ponds-and-fish-cages-by-county-and-sub-county,TRUE,https://www.knbs.or.ke/?wpdmpro=2019-kenya-population-and-housing-census-volume-iv-distribution-of-population-by-socio-economic-characteristics,"Table 2.24: Distribution of Livestock Population by Type, Fish Ponds and Fish Cages by County and Sub County",b520cded-0a69-4e1b-b556-ff5826c131aa,http://www.opendefinition.org/licenses/cc-by,"Table 2.24:Population by Type, Fish Ponds and Fish Cages by County and Sub County",9f8a4026-8c05-4029-9def-65c964f34e64,,cc59025c-fc70-4fc8-b2b6-3ca7bd486dae,TRUE,TRUE,88725a14-cce8-408a-b362-87f236a25d5d,34240,http://data.census.ke/dataset/cc59025c-fc70-4fc8-b2b6-3ca7bd486dae/resource/88725a14-cce8-408a-b362-87f236a25d5d/download/volume_4-table-2.24_-livestock-population-by-type-fish-ponds-and-fish-cages-by-county-and-sub-co.csv,88725a14-cce8-408a-b362-87f236a25d5d,False,active,False,"","",CSV,,upload,text/csv,,volume_4-table-2.24_-livestock-population-by-type-fish-ponds-and-fish-cages-by-county-and-sub-co.csv,2020-03-09T06:33:28.713536,http://data.census.ke/dataset/cc59025c-fc70-4fc8-b2b6-3ca7bd486dae/resource/88725a14-cce8-408a-b362-87f236a25d5d/download/volume_4-table-2.24_-livestock-population-by-type-fish-ponds-and-fish-cages-by-county-and-sub-co.csv,http://data.census.ke,2020-03-09 12:02:07.574217,2020-03-09T11:58:48.304445,0,dc48d94b-dfae-4b8e-be3c-260aa950bbeb,
Creative Commons Attribution,"",FALSE,"",0,a1ba4457-1ae6-4c8c-9654-3ca73223a263,2020-03-04T20:47:32.897991,2020-03-13T12:35:32.218854,open institute,support@openinstitute.com,active,area-,70b35848-e414-46b2-9d9f-c0614903e043,dataset,3,cc-by,table-2-25-hectares-of-agricultural-land-and-farming-hoholds-for-production-county-and-sub-county,TRUE,https://www.knbs.or.ke/?wpdmpro=2019-kenya-population-and-housing-census-volume-iv-distribution-of-population-by-socio-economic-characteristics,"Table 2.25: Distribution of area (hectares) of Agricultural land and Farming Households by purpose of production, County and Sub-County",b520cded-0a69-4e1b-b556-ff5826c131aa,http://www.opendefinition.org/licenses/cc-by,"Table 2.25:   Hectares of Agricultural Land and Farming Households for production, County and Sub-County",1647deec-dda0-4cfb-bd21-09a0615734b7,,a1ba4457-1ae6-4c8c-9654-3ca73223a263,False,FALSE,8cbaecdb-3144-43bd-b6eb-8732787221b5,17081,,,,active,,"","",CSV,,upload,text/csv,,"Table 2.25 Hectares of Agricland and Farming Hholds by purpose of production, County and SubCounty.csv",2020-03-04T20:48:02.381632,http://data.census.ke/dataset/a1ba4457-1ae6-4c8c-9654-3ca73223a263/resource/8cbaecdb-3144-43bd-b6eb-8732787221b5/download/volume_4-table-2.25_-hectares-of-agricland-and-farming-hholds-by-purpose-of-production-county-an.csv,,,2020-03-10T08:50:18.981021,0,a0d42fdc-38c1-4d65-8e19-97aa3a77be98,
Creative Commons Attribution,"",FALSE,"",1,0b7bbf69-62c9-4795-a78f-863cf26b0c85,2020-03-05T04:41:59.687911,2020-03-10T11:58:18.894922,open institute,support@openinstitute.com,active,"",70b35848-e414-46b2-9d9f-c0614903e043,dataset,3,cc-by,table-2-27-people-with-disability-by-type-of-disability-sex-area-of-residence-county-and-sub-county,TRUE,https://www.knbs.or.ke/?wpdmpro=2019-kenya-population-and-housing-census-volume-iv-distribution-of-population-by-socio-economic-characteristics,"Table 2.27:  People with Disability by Type of Disability, Sex, Area of Residence, County and Sub County",b520cded-0a69-4e1b-b556-ff5826c131aa,http://www.opendefinition.org/licenses/cc-by,"Table 2.27:  People with Disability by Type of Disability, Sex, Area of Residence, County and Sub County",a5ba0b81-d4ad-4a44-b4e2-55a4240ee32e,,0b7bbf69-62c9-4795-a78f-863cf26b0c85,TRUE,TRUE,1e9b5bc0-63ef-4420-be0c-43308725209d,33045,http://data.census.ke/dataset/0b7bbf69-62c9-4795-a78f-863cf26b0c85/resource/1e9b5bc0-63ef-4420-be0c-43308725209d/download/volume_4-table-2.27_-pwith-disability-by-type-of-disability-sex-area-of-residence-county-and-sub.csv,1e9b5bc0-63ef-4420-be0c-43308725209d,False,active,False,"","",CSV,,upload,text/csv,,"volume_4 - Table 2.27_  Pwith Disability by Type of Disability, Sex, Area of Residence, County and Sub County.csv",2020-03-05T04:42:59.657218,http://data.census.ke/dataset/0b7bbf69-62c9-4795-a78f-863cf26b0c85/resource/1e9b5bc0-63ef-4420-be0c-43308725209d/download/volume_4-table-2.27_-pwith-disability-by-type-of-disability-sex-area-of-residence-county-and-sub.csv,http://data.census.ke,2020-03-10 11:58:18.980373,2020-03-10T11:54:54.460592,1,410d9369-00c8-498c-b653-7c1710bb9006,
Creative Commons Attribution,"",FALSE,"",0,403571ff-b8ee-4556-a577-eae3e1582599,2020-03-05T04:47:37.448507,2020-03-09T11:46:28.001725,open institute,support@openinstitute.com,active,"",70b35848-e414-46b2-9d9f-c0614903e043,dataset,2,cc-by,table-2-28-persons-with-albinism-by-sex-area-of-residence-county-and-sub-county,TRUE,https://www.knbs.or.ke/?wpdmpro=2019-kenya-population-and-housing-census-volume-iv-distribution-of-population-by-socio-economic-characteristics,"Table 2.28: Persons with Albinism by Sex 1 , Area of Residence, County and Sub County",b520cded-0a69-4e1b-b556-ff5826c131aa,http://www.opendefinition.org/licenses/cc-by,"Table 2.28: Persons with Albinism by Sex  , Area of Residence, County and Sub County",c74cfc94-f1c7-4101-b6a4-d4ba806cfe78,,403571ff-b8ee-4556-a577-eae3e1582599,TRUE,TRUE,7336a090-261c-48ec-be73-a9fd88fb70d0,15847,http://data.census.ke/dataset/403571ff-b8ee-4556-a577-eae3e1582599/resource/7336a090-261c-48ec-be73-a9fd88fb70d0/download/volume_4-table-2.28_-persons-with-albinism-by-sex-1-area-of-residence-county-and-sub-county.csv,7336a090-261c-48ec-be73-a9fd88fb70d0,False,active,True,"","",CSV,,upload,text/csv,,"volume_4 - Table 2.28_ Persons with Albinism by Sex 1 , Area of Residence, County and Sub County.csv",2020-03-05T04:48:22.273476,http://data.census.ke/dataset/403571ff-b8ee-4556-a577-eae3e1582599/resource/7336a090-261c-48ec-be73-a9fd88fb70d0/download/volume_4-table-2.28_-persons-with-albinism-by-sex-1-area-of-residence-county-and-sub-county.csv,http://data.census.ke,2020-03-10 07:08:45.275709,2020-03-09T10:30:43.220554,0,2c9ca70a-4a83-4d20-98d6-caec9be9a068,
Creative Commons Attribution,"",FALSE,"",2,80daa782-ee8c-4042-95a5-acc4bc2db31c,2020-03-05T04:50:02.393997,2020-03-09T13:58:22.576673,open institute,support@openinstitute.com,active,"",70b35848-e414-46b2-9d9f-c0614903e043,dataset,3,cc-by,table-2-29-street-persons-outdoor-sleepers-by-sex-area-of-residence-and-county,TRUE,https://www.knbs.or.ke/?wpdmpro=2019-kenya-population-and-housing-census-volume-iv-distribution-of-population-by-socio-economic-characteristics,"Table 2.29: Street Persons/Outdoor Sleepers by Sex, Area of Residence and County",b520cded-0a69-4e1b-b556-ff5826c131aa,http://www.opendefinition.org/licenses/cc-by,"Table 2.29: Street Persons/Outdoor Sleepers by Sex, Area of Residence and County",ffdd2021-5441-491d-b3a0-c3d0aa12b788,,80daa782-ee8c-4042-95a5-acc4bc2db31c,TRUE,TRUE,12f0e839-69d5-4d8c-998f-81c32b24e1e6,1015,http://data.census.ke/dataset/80daa782-ee8c-4042-95a5-acc4bc2db31c/resource/12f0e839-69d5-4d8c-998f-81c32b24e1e6/download/volume_4-table-2.29_-street-persons_outdoor-sleepers-by-sex1-area-of-residence-and-county.csv,12f0e839-69d5-4d8c-998f-81c32b24e1e6,False,active,True,"","",CSV,,upload,text/csv,,"volume_4 - Table 2.29_ Street Persons_Outdoor Sleepers by Sex1, Area of Residence and County.csv",2020-03-05T04:50:18.796975,http://data.census.ke/dataset/80daa782-ee8c-4042-95a5-acc4bc2db31c/resource/12f0e839-69d5-4d8c-998f-81c32b24e1e6/download/volume_4-table-2.29_-street-persons_outdoor-sleepers-by-sex1-area-of-residence-and-county.csv,http://data.census.ke,2020-03-10 07:08:45.366488,2020-03-05T04:50:18.774077,0,7dca03ef-bc2d-46b7-8174-3bc8a874bc3c,
Creative Commons Attribution,"",FALSE,"",3,0859700f-242f-4b80-8280-74124690866f,2020-03-02T20:23:35.286034,2020-03-06T21:55:46.975743,open institute,support@openinstitute.com,active,"",70b35848-e414-46b2-9d9f-c0614903e043,dataset,2,cc-by,table-2-2a-rural-population-by-sex-number-of-households-land-area-population-density-and-county,TRUE,https://www.knbs.or.ke/?wpdmpro=2019-kenya-population-and-housing-census-volume-ii-distribution-of-population-by-administrative-units,"Table 2.2a: Distribution of Rural Population by Sex, Number of Households, Land Area, Population Density and County",b520cded-0a69-4e1b-b556-ff5826c131aa,http://www.opendefinition.org/licenses/cc-by,"Table 2.2a:Rural Population by Sex, Number of Households, Land Area, Population Density and County",f0b62814-46d7-4dd2-b077-175d0bb52de0,,0859700f-242f-4b80-8280-74124690866f,FALSE,FALSE,f2c3503c-ed8a-427b-bd32-9760fb29f25d,3201,,,,active,,"","",CSV,,upload,text/csv,,"Table 2.2a:Rural Population by Sex, Number of Households, Land Area, Population Density and County.csv",2020-03-02T20:23:44.555048,http://data.census.ke/dataset/0859700f-242f-4b80-8280-74124690866f/resource/f2c3503c-ed8a-427b-bd32-9760fb29f25d/download/census-2019-vol-ii-table-2.2a-dist-ruralpopby-sexnuh-land-area-pop-den-cty.csv,,,2020-03-02T20:23:44.526900,0,82fd75d4-1388-4a0d-b19b-39fb3841e758,
Creative Commons Attribution,"",FALSE,"",4,3ab4f110-a9fc-4936-9a86-634e08ca10d2,2020-03-02T20:32:40.362458,2020-03-04T22:37:15.281440,"",support@openinstitute.com,active,"",70b35848-e414-46b2-9d9f-c0614903e043,dataset,2,cc-by,table-2-2b-of-urban-population-by-sex-number-of-households-land-area-population-density-and-county,TRUE,https://www.knbs.or.ke/?wpdmpro=2019-kenya-population-and-housing-census-volume-ii-distribution-of-population-by-administrative-units,"Distribution of Urban Population by Sex, Number of Households, Land Area, Population Density and County",b520cded-0a69-4e1b-b556-ff5826c131aa,http://www.opendefinition.org/licenses/cc-by,"Table 2.2b: Distribution of Urban Population by Sex, Number of Households, Land Area, Population Density and County",758ab63f-558f-42e9-9637-74ec4465c4cb,,3ab4f110-a9fc-4936-9a86-634e08ca10d2,FALSE,FALSE,64ec2be5-7dee-43d1-9840-ddad77c5f11e,2797,,,,active,,"","",CSV,,upload,text/csv,,"CENSUS 2019 Vol II - Table 2.2b DistUrbPopSexNu Hh,LandArea, Pop Den and C.csv",2020-03-02T20:32:58.593155,http://data.census.ke/dataset/3ab4f110-a9fc-4936-9a86-634e08ca10d2/resource/64ec2be5-7dee-43d1-9840-ddad77c5f11e/download/census-2019-vol-ii-table-2.2b-disturbpopsexnu-hhlandarea-pop-den-and-c.csv,,,2020-03-02T20:32:58.566673,0,37b02244-3e8e-40db-994d-41c55c7d53cf,
Creative Commons Attribution,"",FALSE,"",2,374586b5-a477-453c-90eb-198e98079afe,2020-03-02T21:16:15.477588,2020-03-09T09:52:01.711803,open institute,support@openinstitute.com,active,"",70b35848-e414-46b2-9d9f-c0614903e043,dataset,2,cc-by,table-2-2-distribution-of-population-by-sex-and-county-7,TRUE,https://www.knbs.or.ke/?wpdmpro=2019-kenya-population-and-housing-census-volume-i-population-by-county-and-sub-county,Table 2. 2: Distribution of Population by Sex and County 7,b520cded-0a69-4e1b-b556-ff5826c131aa,http://www.opendefinition.org/licenses/cc-by,Table 2. 2: Distribution of Population by Sex and County,537418da-1217-4985-9a59-6df9220e08e9,,374586b5-a477-453c-90eb-198e98079afe,TRUE,TRUE,91cec53b-5c46-44a1-b3d0-f46a25e1353b,1625,http://data.census.ke/dataset/374586b5-a477-453c-90eb-198e98079afe/resource/91cec53b-5c46-44a1-b3d0-f46a25e1353b/download/census-2019-vol-i-2.2distribution-of-population-by-county.csv,91cec53b-5c46-44a1-b3d0-f46a25e1353b,False,active,True,"","",CSV,,upload,text/csv,,CENSUS 2019 Vol I - 2.2Distribution of Population by County.csv,2020-03-02T21:19:11.567916,http://data.census.ke/dataset/374586b5-a477-453c-90eb-198e98079afe/resource/91cec53b-5c46-44a1-b3d0-f46a25e1353b/download/census-2019-vol-i-2.2distribution-of-population-by-county.csv,http://data.census.ke,2020-03-10 07:08:45.647692,2020-03-09T09:51:27.212640,0,0578a635-3296-4fbf-b33c-9d344c1e3bd0,
Creative Commons Attribution,"",FALSE,"",1,07c12265-29d5-425d-b272-920f5de4f367,2020-03-05T04:52:52.402454,2020-03-09T11:23:23.254743,open institute,support@openinstitute.com,active,"",70b35848-e414-46b2-9d9f-c0614903e043,dataset,2,cc-by,table-2-30-distribution-of-population-by-religious-affiliation-and-county,TRUE,https://www.knbs.or.ke/?wpdmpro=2019-kenya-population-and-housing-census-volume-iv-distribution-of-population-by-socio-economic-characteristics,Table 2.30: Distribution of Population by Religious Affiliation and County,b520cded-0a69-4e1b-b556-ff5826c131aa,http://www.opendefinition.org/licenses/cc-by,Table 2.30: Distribution of Population by Religious Affiliation and County,f9edee86-f0f3-4843-a495-4355f8747684,,07c12265-29d5-425d-b272-920f5de4f367,TRUE,TRUE,84ed4c89-63a0-4a10-9656-59129c9bf61b,4394,http://data.census.ke/dataset/07c12265-29d5-425d-b272-920f5de4f367/resource/84ed4c89-63a0-4a10-9656-59129c9bf61b/download/volume_4-table-2.30_-distribution-of-population-by-religious-affiliation-and-county.csv,84ed4c89-63a0-4a10-9656-59129c9bf61b,False,active,True,"","",CSV,,upload,text/csv,,volume_4-table-2.30_-distribution-of-population-by-religious-affiliation-and-county.csv,2020-03-09T11:15:47.147967,http://data.census.ke/dataset/07c12265-29d5-425d-b272-920f5de4f367/resource/84ed4c89-63a0-4a10-9656-59129c9bf61b/download/volume_4-table-2.30_-distribution-of-population-by-religious-affiliation-and-county.csv,http://data.census.ke,2020-03-10 07:08:45.729668,2020-03-09T11:15:47.123886,0,fb96902f-dffa-46a8-9931-167e5a432515,
Creative Commons Attribution,"",FALSE,"",0,777c18bb-8241-4502-b3be-837d4be3291f,2020-03-05T05:00:28.345558,2020-03-06T20:59:36.282359,open institute,support@openinstitute.com,active,"",70b35848-e414-46b2-9d9f-c0614903e043,dataset,2,cc-by,table-2-31-distribution-of-population-by-ethnicity-nationality,TRUE,https://www.knbs.or.ke/?wpdmpro=2019-kenya-population-and-housing-census-volume-iv-distribution-of-population-by-socio-economic-characteristics,Table 2.31: Distribution of Population by Ethnicity/Nationality,b520cded-0a69-4e1b-b556-ff5826c131aa,http://www.opendefinition.org/licenses/cc-by,Table 2.31: Distribution of Population by Ethnicity/Nationality,ac718ad9-3414-4610-a648-7a1ffbd63c76,,777c18bb-8241-4502-b3be-837d4be3291f,TRUE,TRUE,5b5e6875-182c-4116-b0ec-9275f52d5d59,2177,http://data.census.ke/dataset/777c18bb-8241-4502-b3be-837d4be3291f/resource/5b5e6875-182c-4116-b0ec-9275f52d5d59/download/volume_4-table-2.31_-distribution-of-population-by-ethnicity_nationality.csv,5b5e6875-182c-4116-b0ec-9275f52d5d59,False,active,True,"","",CSV,,upload,text/csv,,volume_4 - Table 2.31_ Distribution of Population by Ethnicity_Nationality.csv,2020-03-05T05:06:09.830267,http://data.census.ke/dataset/777c18bb-8241-4502-b3be-837d4be3291f/resource/5b5e6875-182c-4116-b0ec-9275f52d5d59/download/volume_4-table-2.31_-distribution-of-population-by-ethnicity_nationality.csv,http://data.census.ke,2020-03-10 07:08:45.859547,2020-03-05T05:06:09.808764,1,16f82b06-e6de-4550-86d2-81ed6bd7c23e,
Creative Commons Attribution,"",FALSE,"",5,0a21a9af-909c-47a8-98ee-1e6be9d47a87,2020-03-05T05:08:44.103175,2020-03-09T14:11:48.241856,open institute,support@openinstitute.com,active,"",70b35848-e414-46b2-9d9f-c0614903e043,dataset,2,cc-by,table-2-33-age-3-years-and-above-a-mobile-phone-by-area-of-residence-sex-county-and-sub-county,TRUE,https://www.knbs.or.ke/?wpdmpro=2019-kenya-population-and-housing-census-volume-iv-distribution-of-population-by-socio-economic-characteristics,"Table 2.33: Age 3 years and Above  a Mobile Phone by Area of Residence, Sex, County and Sub County",b520cded-0a69-4e1b-b556-ff5826c131aa,http://www.opendefinition.org/licenses/cc-by,"Table 2.33: Age 3 years and Above  a Mobile Phone by Area of Residence, Sex, County and Sub County",2a4898a5-6de7-4912-b0ea-2a6fc30f56b1,,0a21a9af-909c-47a8-98ee-1e6be9d47a87,TRUE,TRUE,bf01f062-0835-4f8c-83c2-31bf61204fbe,35104,http://data.census.ke/dataset/0a21a9af-909c-47a8-98ee-1e6be9d47a87/resource/bf01f062-0835-4f8c-83c2-31bf61204fbe/download/volume_4-table-2.33_-age-3-years-and-above-using-internet-and-computer_laptop_tablet-.csv,bf01f062-0835-4f8c-83c2-31bf61204fbe,False,active,True,"","",CSV,,upload,text/csv,,volume_4 - Table 2.33_  Age 3 Years and Above Using Internet and Computer_Laptop_Tablet .csv,2020-03-05T05:09:02.356857,http://data.census.ke/dataset/0a21a9af-909c-47a8-98ee-1e6be9d47a87/resource/bf01f062-0835-4f8c-83c2-31bf61204fbe/download/volume_4-table-2.33_-age-3-years-and-above-using-internet-and-computer_laptop_tablet-.csv,http://data.census.ke,2020-03-10 07:08:45.914970,2020-03-09T14:08:14.474158,0,d73f23b1-fa86-46a6-a295-06dfa1782499,
Creative Commons Attribution,"",FALSE,"",2,a2857cf0-a24a-4e42-a93a-f8c8e23f4154,2020-03-05T05:14:42.502431,2020-03-10T12:06:44.357713,open institute,support@openinstitute.com,active,"",70b35848-e414-46b2-9d9f-c0614903e043,dataset,3,cc-by,table-2-34-age-15-years-n-above-who-searched-and-bought-goods-n-services-online,TRUE,https://www.knbs.or.ke/?wpdmpro=2019-kenya-population-and-housing-census-volume-iv-distribution-of-population-by-socio-economic-characteristics,Table 2.34:  age 15 years n above who Searched and Bought Goods n Services Online ,b520cded-0a69-4e1b-b556-ff5826c131aa,http://www.opendefinition.org/licenses/cc-by,Table 2.34:  age 15 years n above who Searched and Bought Goods n Services Online,05b40bc9-3e1e-48b0-9b40-8ab24808a862,,a2857cf0-a24a-4e42-a93a-f8c8e23f4154,TRUE,TRUE,6310ee0a-a39a-4370-b82c-04b18da2e3ca,16266,http://data.census.ke/dataset/a2857cf0-a24a-4e42-a93a-f8c8e23f4154/resource/6310ee0a-a39a-4370-b82c-04b18da2e3ca/download/volume_4-table-2.34_-age-15-years-n-above-who-searched-and-bought-goods-n-services-online-1.csv,6310ee0a-a39a-4370-b82c-04b18da2e3ca,False,active,False,"","",CSV,,upload,text/csv,,volume_4 - Table 2.34_  age 15 years n above who Searched and Bought Goods n Services Online .csv,2020-03-05T05:18:01.931590,http://data.census.ke/dataset/a2857cf0-a24a-4e42-a93a-f8c8e23f4154/resource/6310ee0a-a39a-4370-b82c-04b18da2e3ca/download/volume_4-table-2.34_-age-15-years-n-above-who-searched-and-bought-goods-n-services-online-1.csv,http://data.census.ke,2020-03-10 12:06:44.504124,2020-03-10T12:05:24.219159,0,1a779393-8e3c-408e-8eb4-702f1c103e58,
Creative Commons Attribution,"",FALSE,"",1,bf518e2d-8c76-4cdf-ad03-143d8ccb55d6,2020-03-05T05:20:39.575056,2020-03-09T15:35:56.150824,open institute,support@openinstitute.com,active,"",70b35848-e414-46b2-9d9f-c0614903e043,dataset,3,cc-by,table-2-35-age-3-years-and-above-who-owned-and-used-selected-ict-equipment-and-service-by-age,TRUE,https://www.knbs.or.ke/?wpdmpro=2019-kenya-population-and-housing-census-volume-iv-distribution-of-population-by-socio-economic-characteristics,Table 2.35: Age 3 years and Above who owned and used Selected ICT Equipment and Service by Age County and Sub-county,b520cded-0a69-4e1b-b556-ff5826c131aa,http://www.opendefinition.org/licenses/cc-by,Table 2.35: Age 3 years and Above who owned and used Selected ICT Equipment and Service by Age,639cd837-1cfb-42ad-a15a-8bd776826632,,bf518e2d-8c76-4cdf-ad03-143d8ccb55d6,TRUE,TRUE,8e4c667a-dfb5-44ac-999f-53be4e80e988,19858,http://data.census.ke/dataset/bf518e2d-8c76-4cdf-ad03-143d8ccb55d6/resource/8e4c667a-dfb5-44ac-999f-53be4e80e988/download/volume_4-table-2.35_-age-3-years-and-above-who-owned-and-used-selected-ict-equipment-and-service.csv,8e4c667a-dfb5-44ac-999f-53be4e80e988,False,active,True,"","",CSV,,upload,text/csv,,volume_4 - Table 2.35_ Age 3 years and Above who owned and used Selected ICT Equipment and Service by Age.csv,2020-03-05T05:20:50.131464,http://data.census.ke/dataset/bf518e2d-8c76-4cdf-ad03-143d8ccb55d6/resource/8e4c667a-dfb5-44ac-999f-53be4e80e988/download/volume_4-table-2.35_-age-3-years-and-above-who-owned-and-used-selected-ict-equipment-and-service.csv,http://data.census.ke,2020-03-10 07:08:46.095737,2020-03-09T15:34:32.446590,0,7a96ac04-540b-470f-8eac-6ad0f26755ee,
Creative Commons Attribution,"",FALSE,"",1,947c85c8-0d7b-47c3-8b5f-20d07cb0b389,2020-03-05T05:33:44.029582,2020-03-09T14:43:23.837215,open institute,support@openinstitute.com,active,"",70b35848-e414-46b2-9d9f-c0614903e043,dataset,3,cc-by,table-2-36-conventional-households-by-ownership-of-selected-household-assets-by-area-of-residence,TRUE,https://www.knbs.or.ke/?wpdmpro=2019-kenya-population-and-housing-census-volume-iv-distribution-of-population-by-socio-economic-characteristics,"Table 2.36: Conventional Households by Ownership of Selected Household Assets by Area of Residence,",b520cded-0a69-4e1b-b556-ff5826c131aa,http://www.opendefinition.org/licenses/cc-by,"Table 2.36: Conventional Households by Ownership of Selected Household Assets by Area of Residence,",09f6562d-c73f-4294-86f8-3866d8df61b6,,947c85c8-0d7b-47c3-8b5f-20d07cb0b389,TRUE,TRUE,7853bb76-0fb5-4f3c-b711-9c3534d5e6b3,21589,http://data.census.ke/dataset/947c85c8-0d7b-47c3-8b5f-20d07cb0b389/resource/7853bb76-0fb5-4f3c-b711-9c3534d5e6b3/download/volume_4-table-2.36_-conventional-households-by-ownership-of-selected-household-assets-by-area-o.csv,7853bb76-0fb5-4f3c-b711-9c3534d5e6b3,False,active,True,"","",CSV,,upload,text/csv,,"volume_4 - Table 2.36_ Conventional Households by Ownership of Selected Household Assets by Area of Residence,.csv",2020-03-05T05:34:41.619437,http://data.census.ke/dataset/947c85c8-0d7b-47c3-8b5f-20d07cb0b389/resource/7853bb76-0fb5-4f3c-b711-9c3534d5e6b3/download/volume_4-table-2.36_-conventional-households-by-ownership-of-selected-household-assets-by-area-o.csv,http://data.census.ke,2020-03-10 07:08:46.299591,2020-03-09T14:43:23.827587,2,ccab8701-5597-452d-be78-78dd2a8e43fa,
Creative Commons Attribution,"",FALSE,"",0,83848d30-004a-4821-9214-250b4b44ba9b,2020-03-05T05:44:58.857439,2020-03-09T14:32:28.008368,open institute,support@openinstitute.com,active,"",70b35848-e414-46b2-9d9f-c0614903e043,dataset,3,cc-by,table-2-37-births-in-the-last-12-months-by-place-of-occurrence-and-county,TRUE,https://www.knbs.or.ke/?wpdmpro=2019-kenya-population-and-housing-census-volume-iv-distribution-of-population-by-socio-economic-characteristics,Table 2.37: Births in the Last 12 months* by place of Occurrence and County,b520cded-0a69-4e1b-b556-ff5826c131aa,http://www.opendefinition.org/licenses/cc-by,Table 2.37: Births in the Last 12 months* by place of Occurrence and County,9f5a7e39-44f1-420f-a3a9-df05283ae320,,83848d30-004a-4821-9214-250b4b44ba9b,TRUE,TRUE,a0ee6792-ce77-4b4d-b045-9ffc8a4be9f7,2043,http://data.census.ke/dataset/83848d30-004a-4821-9214-250b4b44ba9b/resource/a0ee6792-ce77-4b4d-b045-9ffc8a4be9f7/download/volume_4-table-2.37_-births-in-the-last-12-months_-by-place-of-occurrence-and-county.csv,a0ee6792-ce77-4b4d-b045-9ffc8a4be9f7,False,active,True,"","",CSV,,upload,text/csv,,volume_4 - Table 2.37_ Births in the Last 12 months_ by place of Occurrence and County.csv,2020-03-05T05:45:44.072754,http://data.census.ke/dataset/83848d30-004a-4821-9214-250b4b44ba9b/resource/a0ee6792-ce77-4b4d-b045-9ffc8a4be9f7/download/volume_4-table-2.37_-births-in-the-last-12-months_-by-place-of-occurrence-and-county.csv,http://data.census.ke,2020-03-10 07:08:46.419693,2020-03-09T14:32:27.999146,2,a1c0ad0c-7b5a-4300-b9db-4bbb416a9003,
Creative Commons Attribution,"",FALSE,"",0,e5ab624f-9fab-4406-bf85-ee82054c42c3,2020-03-05T05:47:28.955713,2020-03-09T14:24:26.307523,open institute,support@openinstitute.com,active,"",70b35848-e414-46b2-9d9f-c0614903e043,dataset,3,cc-by,table-2-38-births-in-the-last-5-years-by-place-of-occurrence-and-county,TRUE,https://www.knbs.or.ke/?wpdmpro=2019-kenya-population-and-housing-census-volume-iv-distribution-of-population-by-socio-economic-characteristics,Table 2.38: Births in the Last 5 Years* by place of Occurrence and County,b520cded-0a69-4e1b-b556-ff5826c131aa,http://www.opendefinition.org/licenses/cc-by,Table 2.38: Births in the Last 5 Years* by place of Occurrence and County,bc819b01-1aab-4bf2-9b24-10f08c066f64,,e5ab624f-9fab-4406-bf85-ee82054c42c3,TRUE,TRUE,b3f070eb-cb65-4546-86f4-06c0a34bfd62,2122,http://data.census.ke/dataset/e5ab624f-9fab-4406-bf85-ee82054c42c3/resource/b3f070eb-cb65-4546-86f4-06c0a34bfd62/download/volume_4-table-2.38_-births-in-the-last-5-years_-by-place-of-occurrence-and-county.csv,b3f070eb-cb65-4546-86f4-06c0a34bfd62,False,active,True,"","",CSV,,upload,text/csv,,volume_4 - Table 2.38_ Births in the Last 5 Years_ by place of Occurrence and County.csv,2020-03-05T05:48:16.856418,http://data.census.ke/dataset/e5ab624f-9fab-4406-bf85-ee82054c42c3/resource/b3f070eb-cb65-4546-86f4-06c0a34bfd62/download/volume_4-table-2.38_-births-in-the-last-5-years_-by-place-of-occurrence-and-county.csv,http://data.census.ke,2020-03-10 07:08:46.503727,2020-03-09T14:22:00.685009,1,1dbf5278-a8dd-4475-ab40-60c8bf3b5abf,
Creative Commons Attribution,"",FALSE,"",1,059a726c-4948-44e7-92c9-6d3eedcc7cb8,2020-03-05T05:49:34.908591,2020-03-09T14:26:08.394045,open institute,support@openinstitute.com,active,"",70b35848-e414-46b2-9d9f-c0614903e043,dataset,2,cc-by,table-2-39-notified-births-in-the-last-12-months-by-county,TRUE,https://www.knbs.or.ke/?wpdmpro=2019-kenya-population-and-housing-census-volume-iv-distribution-of-population-by-socio-economic-characteristics,Table 2.39: Notified Births in the Last 12 months by County,b520cded-0a69-4e1b-b556-ff5826c131aa,http://www.opendefinition.org/licenses/cc-by,Table 2.39: Notified Births in the Last 12 months by County,45b298cc-807d-418d-bd21-b01604d6ad8c,,059a726c-4948-44e7-92c9-6d3eedcc7cb8,TRUE,TRUE,ef72bd12-cbcd-444b-99a6-430c076fb502,1825,http://data.census.ke/dataset/059a726c-4948-44e7-92c9-6d3eedcc7cb8/resource/ef72bd12-cbcd-444b-99a6-430c076fb502/download/volume_4-table-2.39_-notified-births-in-the-last-12-months-by-county.csv,ef72bd12-cbcd-444b-99a6-430c076fb502,False,active,True,"","",CSV,,upload,text/csv,,volume_4 - Table 2.39_ Notified Births in the Last 12 months by County.csv,2020-03-05T05:50:25.320485,http://data.census.ke/dataset/059a726c-4948-44e7-92c9-6d3eedcc7cb8/resource/ef72bd12-cbcd-444b-99a6-430c076fb502/download/volume_4-table-2.39_-notified-births-in-the-last-12-months-by-county.csv,http://data.census.ke,2020-03-10 07:08:46.594845,2020-03-09T14:24:43.762990,0,6ad97c7c-a7af-488d-83f7-1f4531ed105c,
Creative Commons Attribution,"",FALSE,"",3,b8addbc5-9b1c-4d4a-be51-e4f447b3b93a,2020-03-03T09:58:42.084005,2020-03-10T06:31:10.027876,open institute,support@openinstitute.com,active,"",70b35848-e414-46b2-9d9f-c0614903e043,dataset,3,cc-by,table-2-3-age-3-years-and-above-attending-school-by-edu-level-residence-sex-county-and-sub-county,TRUE,https://www.knbs.or.ke/?wpdmpro=2019-kenya-population-and-housing-census-volume-i-population-by-county-and-sub-county,"Table 2.3: Distribution of Population Age 3 Years and Above Currently Attending School/Learning Institution by Education Level, Area of Residence, Sex, County and Sub-County",b520cded-0a69-4e1b-b556-ff5826c131aa,http://www.opendefinition.org/licenses/cc-by,"Table 2.3: Age 3 Years and Above Attending School by Edu Level, Residence, Sex, County and Sub-County",f48eb1f8-97c5-46bf-9ff6-ef0236e81cea,,b8addbc5-9b1c-4d4a-be51-e4f447b3b93a,TRUE,TRUE,2ecce330-3b6b-423e-9af9-3a0d8aeeb5b0,74951,http://data.census.ke/dataset/b8addbc5-9b1c-4d4a-be51-e4f447b3b93a/resource/2ecce330-3b6b-423e-9af9-3a0d8aeeb5b0/download/volume_4-table-2.3_-age-3-yrs-n-above-c-att-learning-inst-by-edu-level-area-of-rside-sex-cnty-n-.csv,2ecce330-3b6b-423e-9af9-3a0d8aeeb5b0,False,active,True,"","",CSV,,upload,text/csv,,"volume_4 - Table 2.3_  Age 3 Yrs n Above C Att Learning Inst by Edu Level, Area of Rside, Sex, Cnty n SCounty.csv",2020-03-03T10:04:40.321824,http://data.census.ke/dataset/b8addbc5-9b1c-4d4a-be51-e4f447b3b93a/resource/2ecce330-3b6b-423e-9af9-3a0d8aeeb5b0/download/volume_4-table-2.3_-age-3-yrs-n-above-c-att-learning-inst-by-edu-level-area-of-rside-sex-cnty-n-.csv,http://data.census.ke,2020-03-10 07:08:46.685837,2020-03-03T10:04:40.290784,0,0b2aa677-ed4f-4d17-908e-c3d69b5f7f55,
Creative Commons Attribution,"",FALSE,"",2,fb55c3e3-7dc1-4a5f-a768-851e9fc037c8,2020-03-02T21:28:06.607074,2020-03-04T23:45:27.885064,open institute,support@openinstitute.com,active,"",70b35848-e414-46b2-9d9f-c0614903e043,dataset,2,cc-by,table-2-3-distribution-of-population-number-of-households-and-average-household-size-by-county,TRUE,https://www.knbs.or.ke/?wpdmpro=2019-kenya-population-and-housing-census-volume-i-population-by-county-and-sub-county,"Table 2. 3: Distribution of Population, Number of Households and Average Household Size by County",b520cded-0a69-4e1b-b556-ff5826c131aa,http://www.opendefinition.org/licenses/cc-by,"Table 2. 3: Distribution of Population, Number of Households and Average Household Size by County",a75c3645-1ba1-4fb3-a0f0-d81e374c8d0f,,fb55c3e3-7dc1-4a5f-a768-851e9fc037c8,TRUE,TRUE,fa323f21-94eb-40b2-9fb3-246e11317c48,1335,http://data.census.ke/dataset/fb55c3e3-7dc1-4a5f-a768-851e9fc037c8/resource/fa323f21-94eb-40b2-9fb3-246e11317c48/download/census-2019-vol-i-2.3-dst-of-pophousehold-and-avg-house-size.csv,fa323f21-94eb-40b2-9fb3-246e11317c48,False,active,True,"","",CSV,,upload,text/csv,,"2.3 Distribution of population, household and average house size",2020-03-02T21:28:28.733335,http://data.census.ke/dataset/fb55c3e3-7dc1-4a5f-a768-851e9fc037c8/resource/fa323f21-94eb-40b2-9fb3-246e11317c48/download/census-2019-vol-i-2.3-dst-of-pophousehold-and-avg-house-size.csv,http://data.census.ke,2020-03-10 07:08:46.807167,2020-03-04T23:45:27.876521,0,da2b66aa-7fa6-4fa8-90bc-9b07085fccfa,
Creative Commons Attribution,"",FALSE,"",4,54cff54e-1f50-4343-b574-2efec18cf1cc,2020-03-02T19:23:29.048004,2020-03-02T19:24:05.470764,Open Institute,support@openinstitute.com,active,"",70b35848-e414-46b2-9d9f-c0614903e043,dataset,3,cc-by,table-2-3-population-by-sex-number-of-households-land-area-population-density-and-subcounty,TRUE,https://www.knbs.or.ke/?wpdmpro=2019-kenya-population-and-housing-census-volume-ii-distribution-of-population-by-administrative-units,"Table 2.3 Distribution of Population by Sex, Number of households, Land Area, Population Density and Subcounty",b520cded-0a69-4e1b-b556-ff5826c131aa,http://www.opendefinition.org/licenses/cc-by,"Table 2.3 Distribution of Population by Sex, Number of households, Land Area, Population Density and Subcounty",93cb4dd4-409f-47d0-9994-e3b8b0f9b29d,,54cff54e-1f50-4343-b574-2efec18cf1cc,FALSE,FALSE,8e129b6c-2e67-4eee-8297-166520d449fe,26337,,,,active,,"","",CSV,,upload,text/csv,,"CENSUS 2019 Vol II - Table 2.3 DistPopSex, Nu Hh, LandArea, PopDenSubCty.csv",2020-03-02T19:23:45.049951,http://data.census.ke/dataset/54cff54e-1f50-4343-b574-2efec18cf1cc/resource/8e129b6c-2e67-4eee-8297-166520d449fe/download/census-2019-vol-ii-table-2.3-distpopsex-nu-hh-landarea-popdensubcty.csv,,,2020-03-02T19:23:45.013677,0,7cf186c4-dba2-4f47-8329-2c539a4dee6a,
Creative Commons Attribution,"",FALSE,"",1,2354f080-453b-44e5-aecc-e27b21989495,2020-03-05T05:54:08.965595,2020-03-09T14:31:37.278974,open institute,support@openinstitute.com,active,"",70b35848-e414-46b2-9d9f-c0614903e043,dataset,3,cc-by,table-2-40-notified-births-in-the-last-5-years-by-county,TRUE,https://www.knbs.or.ke/?wpdmpro=2019-kenya-population-and-housing-census-volume-iv-distribution-of-population-by-socio-economic-characteristics,Table 2.40: Notified Births in the Last 5 Years by County,b520cded-0a69-4e1b-b556-ff5826c131aa,http://www.opendefinition.org/licenses/cc-by,Table 2.40: Notified Births in the Last 5 Years by County,10187f8c-8175-49fe-b122-6c78edbaaa94,,2354f080-453b-44e5-aecc-e27b21989495,TRUE,TRUE,305046e1-2d63-4e2c-b099-135d58e235c3,1979,http://data.census.ke/dataset/2354f080-453b-44e5-aecc-e27b21989495/resource/305046e1-2d63-4e2c-b099-135d58e235c3/download/volume_4-table-2.40_-notified-births-in-the-last-5-years-by-county.csv,305046e1-2d63-4e2c-b099-135d58e235c3,False,active,True,"","",CSV,,upload,text/csv,,volume_4 - Table 2.40_ Notified Births in the Last 5 Years by County.csv,2020-03-05T05:54:53.522671,http://data.census.ke/dataset/2354f080-453b-44e5-aecc-e27b21989495/resource/305046e1-2d63-4e2c-b099-135d58e235c3/download/volume_4-table-2.40_-notified-births-in-the-last-5-years-by-county.csv,http://data.census.ke,2020-03-10 07:08:47.046897,2020-03-05T05:54:53.498083,1,95e27c16-e905-42c7-826f-3e081bf7440e,
Creative Commons Attribution,"",FALSE,"",0,dce8928a-30dc-4a06-9742-31686f8028cf,2020-03-03T10:20:10.147737,2020-03-04T22:21:19.035074,open institute,support@openinstitute.com,active,"",70b35848-e414-46b2-9d9f-c0614903e043,dataset,2,cc-by,table-2-4-age-3-years-and-above-by-level-of-education-reached-residence-sex-county-and-sub-county,TRUE,https://www.knbs.or.ke/?wpdmpro=2019-kenya-population-and-housing-census-volume-iv-distribution-of-population-by-socio-economic-characteristics,"Table 2.4: Distribution of Population Age 3 Years and Above by Highest Level of Education Reached, Area of Residence, Sex, County and Sub-County",b520cded-0a69-4e1b-b556-ff5826c131aa,http://www.opendefinition.org/licenses/cc-by,"Table 2.4: Age 3 Years and Above by Highest Level of Education Reached,  Residence, Sex, County",77a47eaa-c4c1-4328-bf65-bdf57eda0684,,dce8928a-30dc-4a06-9742-31686f8028cf,FALSE,FALSE,066c3207-8a76-46aa-9481-718d43dfbdd5,68216,,,,active,,"","",CSV,,"",text/csv,,volume_4-table-2.4_-age-3-years-n-above-by-h-level-of-ed-reached-area-of-residence-sex-county-an.csv,2020-03-03T10:20:22.763753,http://volume_4-table-2.4_-age-3-years-n-above-by-h-level-of-ed-reached-area-of-residence-sex-county-an.csv,,,2020-03-03T10:20:22.737996,0,f151f147-c70c-4877-86ef-266a75d95f47,
Creative Commons Attribution,"",FALSE,"",2,afd66c20-35db-45d5-b7f5-f43839efbe91,2020-03-02T19:07:54.011523,2020-03-09T09:57:12.880696,Open Institute,support@openinstitute.com,active,"",70b35848-e414-46b2-9d9f-c0614903e043,dataset,2,cc-by,table-2-4-distribution-of-population-by-sex-number-of-households-landarea-density-and-sublocation,TRUE,https://www.knbs.or.ke/?wpdmpro=2019-kenya-population-and-housing-census-volume-ii-distribution-of-population-by-administrative-units,"Table 2.4 Distribution of Population by Sex, Number of households ,LandArea Density and SubLocation",b520cded-0a69-4e1b-b556-ff5826c131aa,http://www.opendefinition.org/licenses/cc-by,"Table 2.4 Distribution of Population by Sex, Number of households ,LandArea Density and SubLocation",e4ec0c0f-58b1-4ea9-a622-e11f5f00d83a,,afd66c20-35db-45d5-b7f5-f43839efbe91,FALSE,FALSE,505df501-b7da-47ef-8fb1-39b0fd505e74,1217566,,,,active,,"","",CSV,,upload,text/csv,,"Table 2.4 Distribution of Population by Sex, Number of households ,LandArea Density and SubLocation.csv",2020-03-02T19:08:25.642341,http://data.census.ke/dataset/afd66c20-35db-45d5-b7f5-f43839efbe91/resource/505df501-b7da-47ef-8fb1-39b0fd505e74/download/table-2.4-distribution-of-population-by-sex-number-of-households-landarea-density-and-sublocatio.csv,,,2020-03-02T19:08:25.614849,1,fa075d2f-723d-42b2-b90b-67985dbcb613,
Creative Commons Attribution,"",FALSE,"",2,157fd481-455f-4069-b237-678c16c41a0f,2020-03-02T21:34:09.638080,2020-03-04T23:42:23.270024,open institute,support@openinstitute.com,active,"",70b35848-e414-46b2-9d9f-c0614903e043,dataset,2,cc-by,table-2-4-distribution-of-population-land-area-and-population-density-by-county,TRUE,https://www.knbs.or.ke/?wpdmpro=2019-kenya-population-and-housing-census-volume-i-population-by-county-and-sub-county,"Table 2. 4: Distribution of Population, Land Area and Population Density by County",b520cded-0a69-4e1b-b556-ff5826c131aa,http://www.opendefinition.org/licenses/cc-by,"Table 2. 4: Distribution of Population, Land Area and Population Density by County",3d35b5c8-3a80-4a55-8871-31b53bd67b4e,,157fd481-455f-4069-b237-678c16c41a0f,TRUE,TRUE,f39f8eba-ab0b-458a-9fa9-b1f12eba125e,1346,http://data.census.ke/dataset/157fd481-455f-4069-b237-678c16c41a0f/resource/f39f8eba-ab0b-458a-9fa9-b1f12eba125e/download/census-2019-vol-i-2.4-dist-of-pop-area-and-pop-density-by-county.csv,f39f8eba-ab0b-458a-9fa9-b1f12eba125e,False,active,True,"","",CSV,,upload,text/csv,,"CENSUS 2019 Vol I - 2.4 Dist of Pop, Area and Pop Density by County.csv",2020-03-02T21:34:17.575020,http://data.census.ke/dataset/157fd481-455f-4069-b237-678c16c41a0f/resource/f39f8eba-ab0b-458a-9fa9-b1f12eba125e/download/census-2019-vol-i-2.4-dist-of-pop-area-and-pop-density-by-county.csv,http://data.census.ke,2020-03-10 07:08:47.311311,2020-03-04T23:42:23.261037,0,695ee7c2-3ac5-46d0-b21c-20e5cf1ac1c3,
Creative Commons Attribution,"",FALSE,"",3,137498f5-5463-4d20-98b8-ac43287a0164,2020-03-03T10:38:04.953761,2020-03-10T06:38:14.871840,open institute,support@openinstitute.com,active,"",70b35848-e414-46b2-9d9f-c0614903e043,dataset,3,cc-by,table-2-5-age-3-years-and-above-by-highest-level-of-education-completed-area-of-residence-sex-county,TRUE,https://www.knbs.or.ke/?wpdmpro=2019-kenya-population-and-housing-census-volume-iv-distribution-of-population-by-socio-economic-characteristics,"",b520cded-0a69-4e1b-b556-ff5826c131aa,http://www.opendefinition.org/licenses/cc-by,"Table 2.5: Age 3 Years and Above by Highest Level of Education Completed, Residence, Sex, County",70efaab3-7a3c-4c45-81e5-ed6fe610175e,,137498f5-5463-4d20-98b8-ac43287a0164,TRUE,TRUE,36df6fee-5a04-499e-8ca5-41f61e169e1d,71922,http://data.census.ke/dataset/137498f5-5463-4d20-98b8-ac43287a0164/resource/36df6fee-5a04-499e-8ca5-41f61e169e1d/download/volume_4-table-2.5_age-3-years-n-above-by-h-l-of-edu-completed-area-of-residence-sex-county-n-sc.csv,36df6fee-5a04-499e-8ca5-41f61e169e1d,False,active,True,"","",CSV,,upload,text/csv,,"Table-2.5 Age 3 years and above by high level of education completed,area of residence sex,county and Syb-County",2020-03-03T10:42:01.317270,http://data.census.ke/dataset/137498f5-5463-4d20-98b8-ac43287a0164/resource/36df6fee-5a04-499e-8ca5-41f61e169e1d/download/volume_4-table-2.5_age-3-years-n-above-by-h-l-of-edu-completed-area-of-residence-sex-county-n-sc.csv,http://data.census.ke,2020-03-10 07:08:47.413267,2020-03-10T06:37:34.286102,0,76232dab-7a32-4779-8e05-f52fcdcf1a72,
Creative Commons Attribution,"",FALSE,"",1,c6706c73-7537-44a9-8776-84dd71e6a677,2020-03-02T21:40:41.138427,2020-03-04T23:35:19.650687,open institute,support@openinstitute.com,active,"",70b35848-e414-46b2-9d9f-c0614903e043,dataset,2,cc-by,table-2-5-distribution-of-population-by-sex-and-sub-county-cont-d,TRUE,https://www.knbs.or.ke/?wpdmpro=2019-kenya-population-and-housing-census-volume-i-population-by-county-and-sub-county,"Table 2.5: Distribution of Population by Sex and Sub-County, Contd",b520cded-0a69-4e1b-b556-ff5826c131aa,http://www.opendefinition.org/licenses/cc-by,"Table 2.5: Distribution of Population by Sex and Sub-County, Contd",3d1db753-dbb3-4d34-ab3b-eba92147bcf4,,c6706c73-7537-44a9-8776-84dd71e6a677,TRUE,TRUE,01144427-f075-4110-a6c9-aab853f5cc9c,12568,http://data.census.ke/dataset/c6706c73-7537-44a9-8776-84dd71e6a677/resource/01144427-f075-4110-a6c9-aab853f5cc9c/download/census-2019-vol-i-2.5-distribution-of-population-by-sex-and-sub-county-.csv,01144427-f075-4110-a6c9-aab853f5cc9c,False,active,True,"","",CSV,,upload,text/csv,,CENSUS 2019 Vol I - 2.5 Distribution of Population by Sex and Sub-County .csv,2020-03-02T21:43:15.721380,http://data.census.ke/dataset/c6706c73-7537-44a9-8776-84dd71e6a677/resource/01144427-f075-4110-a6c9-aab853f5cc9c/download/census-2019-vol-i-2.5-distribution-of-population-by-sex-and-sub-county-.csv,http://data.census.ke,2020-03-10 07:08:47.671699,2020-03-04T23:35:19.641589,1,744b125d-7e7e-4821-add7-d7b29dcbceda,
Creative Commons Attribution,"",FALSE,"",2,802221a6-2cfa-4325-a6e9-e4fcecbe085f,2020-03-04T12:12:29.998328,2020-03-10T12:43:23.407185,open institute,support@openinstitute.com,active,"",70b35848-e414-46b2-9d9f-c0614903e043,dataset,3,cc-by,table-2-6a-age-3-years-and-above-by-school-attendance-status-sex-and-special-age-groups,TRUE,"","Table 2.6a: Distribution of Population Age 3 Years and Above by School Attendance Status, Sex and Special Age Groups",b520cded-0a69-4e1b-b556-ff5826c131aa,http://www.opendefinition.org/licenses/cc-by,"Table 2.6a:  3 Years and Above by School Attendance Status, Sex and Special Age Groups",f7206719-754a-429a-8fb6-2770eeb43797,,802221a6-2cfa-4325-a6e9-e4fcecbe085f,TRUE,TRUE,3c5f6b12-67f6-4ffb-93c0-abc5404bad54,1824,http://data.census.ke/dataset/802221a6-2cfa-4325-a6e9-e4fcecbe085f/resource/3c5f6b12-67f6-4ffb-93c0-abc5404bad54/download/volume_4-table-2.6a_-age-3-years-and-above-by-school-attendance-status-sex-and-special-age-group.csv,3c5f6b12-67f6-4ffb-93c0-abc5404bad54,False,active,False,"","",CSV,,upload,text/csv,,"volume_4 - Table 2.6a_  Age 3 Years and Above by School Attendance Status, Sex and Special Age Groups.csv",2020-03-04T12:14:53.823084,http://data.census.ke/dataset/802221a6-2cfa-4325-a6e9-e4fcecbe085f/resource/3c5f6b12-67f6-4ffb-93c0-abc5404bad54/download/volume_4-table-2.6a_-age-3-years-and-above-by-school-attendance-status-sex-and-special-age-group.csv,http://data.census.ke,2020-03-10 12:43:23.562989,2020-03-10T12:42:33.945236,0,fa563a0c-4cc2-4266-a55e-f8c696d451ec,
Creative Commons Attribution,"",FALSE,"",3,ea12ea16-b40d-4c49-8831-ecbaf48e2523,2020-03-02T22:04:14.306088,2020-03-04T23:17:12.893901,open institute,support@openinstitute.com,active,"",70b35848-e414-46b2-9d9f-c0614903e043,dataset,1,cc-by,table-2-6-distribution-of-population-number-of-households-and-average-household-size-by-sub-county,TRUE,https://www.knbs.or.ke/?wpdmpro=2019-kenya-population-and-housing-census-volume-i-population-by-county-and-sub-county,"Table 2.6: Distribution of Population, Number of Households and Average Household Size by Sub-County,",b520cded-0a69-4e1b-b556-ff5826c131aa,http://www.opendefinition.org/licenses/cc-by,"Table 2.6: Distribution of Population, Number of Households and Average Household Size by Sub-County,",535185a6-98c1-45af-bf2f-af9664990b60,,ea12ea16-b40d-4c49-8831-ecbaf48e2523,TRUE,TRUE,149223c6-cc10-49a7-a752-19757dc0d0c3,13354,http://data.census.ke/dataset/ea12ea16-b40d-4c49-8831-ecbaf48e2523/resource/149223c6-cc10-49a7-a752-19757dc0d0c3/download/census-2019-vol-i-2.6-dist-of-pop-no-of-hhold-and-avg-hhold-size-1.csv,149223c6-cc10-49a7-a752-19757dc0d0c3,False,active,True,"","",CSV,,upload,text/csv,, Table  2.6  Distribution of population No of Households and average Household size .csv,2020-03-02T22:04:43.850608,http://data.census.ke/dataset/ea12ea16-b40d-4c49-8831-ecbaf48e2523/resource/149223c6-cc10-49a7-a752-19757dc0d0c3/download/census-2019-vol-i-2.6-dist-of-pop-no-of-hhold-and-avg-hhold-size-1.csv,http://data.census.ke,2020-03-10 07:08:47.780100,2020-03-04T23:17:12.884961,0,b3cc50de-0a26-42fa-8df1-efb731cab4ae,
Creative Commons Attribution,"",FALSE,"",2,6ed77fdf-a625-43ea-82d3-ea54275df907,2020-03-02T21:56:29.838492,2020-03-04T23:21:24.112270,open institute,support@openinstitute.com,active,"",70b35848-e414-46b2-9d9f-c0614903e043,dataset,2,cc-by,table-2-7-distribution-of-population-by-land-area-and-population-density-by-sub-county,TRUE,https://www.knbs.or.ke/?wpdmpro=2019-kenya-population-and-housing-census-volume-i-population-by-county-and-sub-county,Table 2.7: Distribution of Population by Land Area and Population Density by Sub-County,b520cded-0a69-4e1b-b556-ff5826c131aa,http://www.opendefinition.org/licenses/cc-by,Table 2.7: Distribution of Population by Land Area and Population Density by Sub-County,8c5a29eb-5ad8-4820-b8e2-b6c653e3f065,,6ed77fdf-a625-43ea-82d3-ea54275df907,TRUE,TRUE,fb380f35-48c8-4361-83bc-5b3a013fb43b,13513,http://data.census.ke/dataset/6ed77fdf-a625-43ea-82d3-ea54275df907/resource/fb380f35-48c8-4361-83bc-5b3a013fb43b/download/census-2019-vol-i-2.7-distribution-of-population-by-land-area-and-population-density-by-sub-coun.csv,fb380f35-48c8-4361-83bc-5b3a013fb43b,False,active,True,"","",CSV,,upload,text/csv,,"CENSUS 2019 Vol I - 2.7 Distribution of Population by Land Area and Population Density by Sub-County, Contd (1).csv",2020-03-02T21:56:41.779841,http://data.census.ke/dataset/6ed77fdf-a625-43ea-82d3-ea54275df907/resource/fb380f35-48c8-4361-83bc-5b3a013fb43b/download/census-2019-vol-i-2.7-distribution-of-population-by-land-area-and-population-density-by-sub-coun.csv,http://data.census.ke,2020-03-10 07:08:47.835848,2020-03-04T23:21:24.102998,0,0e68c478-0f9c-4ceb-b736-ceb59a47fb54,
Creative Commons Attribution,"",FALSE,"",2,24da95ea-2c2e-4c4f-9ca0-220a089372f8,2020-03-04T18:50:46.812022,2020-03-10T09:51:07.746444,open institute,support@openinstitute.com,active,"",70b35848-e414-46b2-9d9f-c0614903e043,dataset,2,cc-by,table-2-8a-age-5-years-and-above-by-activity-status-sex-county-and-sub-county,TRUE,https://www.knbs.or.ke/?wpdmpro=2019-kenya-population-and-housing-census-volume-iv-distribution-of-population-by-socio-economic-characteristics,"Table 2.8a: Distribution of Population Age 5 Years and above by Activity Status, Sex, County and Sub-County",b520cded-0a69-4e1b-b556-ff5826c131aa,http://www.opendefinition.org/licenses/cc-by,"Table 2.8a: Age 5 Years and above by Activity Status, Sex, County and Sub-County",1e3c7c16-1a46-4efb-b584-1e3db4bb09cc,,24da95ea-2c2e-4c4f-9ca0-220a089372f8,TRUE,TRUE,854eb4a5-bb7a-4e05-8790-f6957a373c66,39345,http://data.census.ke/dataset/24da95ea-2c2e-4c4f-9ca0-220a089372f8/resource/854eb4a5-bb7a-4e05-8790-f6957a373c66/download/volume_4-table-2.8a_-age-5-years-and-above-by-activity-status-sex-county-and-sub-county-.csv,854eb4a5-bb7a-4e05-8790-f6957a373c66,False,active,False,"","",CSV,,upload,text/csv,,"volume_4 - Table 2.8a_  Age 5 Years and above by Activity Status, Sex, County and Sub-County .csv",2020-03-04T18:52:52.816214,http://data.census.ke/dataset/24da95ea-2c2e-4c4f-9ca0-220a089372f8/resource/854eb4a5-bb7a-4e05-8790-f6957a373c66/download/volume_4-table-2.8a_-age-5-years-and-above-by-activity-status-sex-county-and-sub-county-.csv,http://data.census.ke,2020-03-10 09:51:07.876362,2020-03-10T09:51:07.738232,0,0257a792-98ab-4466-a256-77b82dbe4256,
Creative Commons Attribution,"",FALSE,"",0,2bce074b-4abb-4752-8380-03aff15020bd,2020-03-04T18:57:57.066116,2020-03-10T07:11:54.822113,open institute,support@openinstitute.com,active,"",70b35848-e414-46b2-9d9f-c0614903e043,dataset,3,cc-by,table-2-8b-age-5-years-and-above-by-activity-status-sex-county-and-sub-county,TRUE,https://www.knbs.or.ke/?wpdmpro=2019-kenya-population-and-housing-census-volume-iv-distribution-of-population-by-socio-economic-characteristics,"Table 2.8b: Distribution of Urban Population Age 5 Years and above by Activity Status, Sex, County and Sub-County",b520cded-0a69-4e1b-b556-ff5826c131aa,http://www.opendefinition.org/licenses/cc-by,"Table 2.8b:  Age 5 Years and above by Activity Status, Sex, County and Sub-County",0870b6ca-94e5-4bae-a238-e1449ee5714e,,2bce074b-4abb-4752-8380-03aff15020bd,TRUE,TRUE,0bf22851-85bc-4fcf-bc57-e630dfe0471e,38840,http://data.census.ke/dataset/2bce074b-4abb-4752-8380-03aff15020bd/resource/0bf22851-85bc-4fcf-bc57-e630dfe0471e/download/volume_4-table-2.8b_-urban-population-age-5-years-and-above-by-activity-status-sex-county-and-su.csv,0bf22851-85bc-4fcf-bc57-e630dfe0471e,False,active,False,"","",CSV,,upload,text/csv,,"volume_4 - Table 2.8b_ Urban Population Age 5 Years and above by Activity Status, Sex, County and Sub-County.csv",2020-03-04T19:00:46.951317,http://data.census.ke/dataset/2bce074b-4abb-4752-8380-03aff15020bd/resource/0bf22851-85bc-4fcf-bc57-e630dfe0471e/download/volume_4-table-2.8b_-urban-population-age-5-years-and-above-by-activity-status-sex-county-and-su.csv,http://data.census.ke,2020-03-10 07:12:46.052623,2020-03-10T07:11:02.180585,1,9b10918a-e2ca-49fb-a341-5102a02f5ded,
Creative Commons Attribution,"",FALSE,"",3,c0ec5bdf-e9e1-4e68-aab2-47f6daf6493c,2020-03-04T19:03:15.210368,2020-03-10T07:20:51.947506,open institute,support@openinstitute.com,active,"",70b35848-e414-46b2-9d9f-c0614903e043,dataset,3,cc-by,table-2-8c-age-5-years-and-above-by-activity-status-sex-county-and-sub-county,TRUE,https://www.knbs.or.ke/?wpdmpro=2019-kenya-population-and-housing-census-volume-iv-distribution-of-population-by-socio-economic-characteristics,"Table 2.8c: Distribution of Rural Population Age 5 Years and above by Activity Status, Sex, County and Sub-County",b520cded-0a69-4e1b-b556-ff5826c131aa,http://www.opendefinition.org/licenses/cc-by,"Table 2.8c: Age 5 Years and above by Activity Status, Sex, County and Sub-County",865a6990-3773-4e5d-ad7c-332f419ddc09,,c0ec5bdf-e9e1-4e68-aab2-47f6daf6493c,TRUE,TRUE,fd3f9f9a-5dba-4775-a816-a61313cef246,45511,http://data.census.ke/dataset/c0ec5bdf-e9e1-4e68-aab2-47f6daf6493c/resource/fd3f9f9a-5dba-4775-a816-a61313cef246/download/volume_4-table-2.8c_-rural-population-age-5-years-and-above-by-activity-status-sex-county-and-su.csv,fd3f9f9a-5dba-4775-a816-a61313cef246,False,active,False,"","",CSV,,upload,text/csv,,"volume_4 - Table 2.8c_ Rural Population Age 5 Years and above by Activity Status, Sex, County and Sub-County.csv",2020-03-04T19:05:52.768851,http://data.census.ke/dataset/c0ec5bdf-e9e1-4e68-aab2-47f6daf6493c/resource/fd3f9f9a-5dba-4775-a816-a61313cef246/download/volume_4-table-2.8c_-rural-population-age-5-years-and-above-by-activity-status-sex-county-and-su.csv,http://data.census.ke,2020-03-10 07:20:52.234794,2020-03-04T19:05:52.738907,1,fe01a389-7efa-4739-8012-19c457477206,
Creative Commons Attribution,"",FALSE,"",2,6c1f96b6-25c1-4e56-be3f-df0bab5409a5,2020-03-04T19:08:28.872665,2020-03-04T19:11:05.079160,open institute,support@openinstitute.com,active,"",70b35848-e414-46b2-9d9f-c0614903e043,dataset,3,cc-by,table-2-9a-age-5-years-and-above-by-activity-status-broad-age-groups-and-county,TRUE,https://www.knbs.or.ke/?wpdmpro=2019-kenya-population-and-housing-census-volume-iv-distribution-of-population-by-socio-economic-characteristics,"Table 2.9a: Distribution of Population Age 5 years and above by Activity Status, Broad Age Groups and County",b520cded-0a69-4e1b-b556-ff5826c131aa,http://www.opendefinition.org/licenses/cc-by,"Table 2.9a:  Age 5 years and above by Activity Status, Broad Age Groups and County",d33de9d2-f865-4561-a3c6-30d80bbb3b3e,,6c1f96b6-25c1-4e56-be3f-df0bab5409a5,TRUE,TRUE,af21bfdb-27a2-469a-9ba8-29211133ecee,15425,http://data.census.ke/dataset/6c1f96b6-25c1-4e56-be3f-df0bab5409a5/resource/af21bfdb-27a2-469a-9ba8-29211133ecee/download/volume_4-table-2.9a_-age-5-years-and-above-by-activity-status-broad-age-groups-and-county.csv,af21bfdb-27a2-469a-9ba8-29211133ecee,False,active,True,"","",CSV,,upload,text/csv,,"volume_4 - Table 2.9a_  Age 5 years and above by Activity Status, Broad Age Groups and County.csv",2020-03-04T19:11:04.897804,http://data.census.ke/dataset/6c1f96b6-25c1-4e56-be3f-df0bab5409a5/resource/af21bfdb-27a2-469a-9ba8-29211133ecee/download/volume_4-table-2.9a_-age-5-years-and-above-by-activity-status-broad-age-groups-and-county.csv,http://data.census.ke,2020-03-10 07:08:48.326701,2020-03-04T19:11:04.871346,2,d33de9d2-f865-4561-a3c6-30d80bbb3b3e,
Creative Commons Attribution,"",FALSE,"",2,315cb76e-3f57-4dde-a6f1-fc308237eb86,2020-03-04T19:12:37.281172,2020-03-10T07:25:06.813582,open institute,support@openinstitute.com,active,"",70b35848-e414-46b2-9d9f-c0614903e043,dataset,3,cc-by,table-2-9b-rural-population-age-5-years-and-above-by-activity-status-broad-age-groups-and-county,TRUE,https://www.knbs.or.ke/?wpdmpro=2019-kenya-population-and-housing-census-volume-iv-distribution-of-population-by-socio-economic-characteristics,"Table 2.9b: Distribution of Rural Population Age 5 years and above by Activity Status, Broad Age Groups and County",b520cded-0a69-4e1b-b556-ff5826c131aa,http://www.opendefinition.org/licenses/cc-by,"Table 2.9b:  Rural Population Age 5 years and above by Activity Status, Broad Age Groups and County",742b8484-ec87-4998-90ab-f438def89c1e,,315cb76e-3f57-4dde-a6f1-fc308237eb86,TRUE,TRUE,5371c1d4-fa22-4c59-a879-b562b2ad3ee9,14127,http://data.census.ke/dataset/315cb76e-3f57-4dde-a6f1-fc308237eb86/resource/5371c1d4-fa22-4c59-a879-b562b2ad3ee9/download/volume_4-table-2.9b_-rural-population-age-5-years-and-above-by-activity-status-broad-age-groups-.csv,5371c1d4-fa22-4c59-a879-b562b2ad3ee9,False,active,False,"","",CSV,,upload,text/csv,,"volume_4 - Table 2.9b_  Rural Population Age 5 years and above by Activity Status, Broad Age Groups and County.csv",2020-03-04T19:14:51.001494,http://data.census.ke/dataset/315cb76e-3f57-4dde-a6f1-fc308237eb86/resource/5371c1d4-fa22-4c59-a879-b562b2ad3ee9/download/volume_4-table-2.9b_-rural-population-age-5-years-and-above-by-activity-status-broad-age-groups-.csv,http://data.census.ke,2020-03-10 07:25:07.028682,2020-03-04T19:14:50.973900,1,976ca53b-672f-4ac9-bc13-1a30c494afc6,
Creative Commons Attribution,"",FALSE,"",2,c96690d2-df32-4a52-9414-a8c9cd2ce819,2020-03-04T19:26:39.178968,2020-03-10T08:28:50.041108,open institute,support@openinstitute.com,active,"",70b35848-e414-46b2-9d9f-c0614903e043,dataset,2,cc-by,table-2-9c-urban-population-age-5-years-and-above-by-activity-status-broad-age-groups-and-county,TRUE,https://www.knbs.or.ke/?wpdmpro=2019-kenya-population-and-housing-census-volume-iv-distribution-of-population-by-socio-economic-characteristics,"Table 2.9c: Distribution of Urban Population Age 5 years and above by Activity Status, Broad Age Groups and County",b520cded-0a69-4e1b-b556-ff5826c131aa,http://www.opendefinition.org/licenses/cc-by,"Table 2.9c: Urban Population Age 5 years and above by Activity Status, Broad Age Groups and County",214539c4-4df4-487c-be27-0a4a22e390aa,,c96690d2-df32-4a52-9414-a8c9cd2ce819,TRUE,TRUE,905dcf36-fd39-46ae-a65a-ca6a054ef0f1,13834,http://data.census.ke/dataset/c96690d2-df32-4a52-9414-a8c9cd2ce819/resource/905dcf36-fd39-46ae-a65a-ca6a054ef0f1/download/volume_4-table-2.9c_-urban-population-age-5-years-and-above-by-activity-status-broad-age-groups-.csv,905dcf36-fd39-46ae-a65a-ca6a054ef0f1,False,active,False,"","",CSV,,upload,text/csv,,"volume_4 - Table 2.9c_  Urban Population Age 5 years and above by Activity Status, Broad Age Groups and County.csv",2020-03-04T19:29:23.676462,http://data.census.ke/dataset/c96690d2-df32-4a52-9414-a8c9cd2ce819/resource/905dcf36-fd39-46ae-a65a-ca6a054ef0f1/download/volume_4-table-2.9c_-urban-population-age-5-years-and-above-by-activity-status-broad-age-groups-.csv,http://data.census.ke,2020-03-10 08:28:50.172070,2020-03-04T19:29:23.649043,0,4f829ea6-f333-4281-bc0e-50fc48941655,
Creative Commons Attribution,"",FALSE,"",2,13990623-326b-48a8-9018-7a2f2434c913,2020-03-02T17:15:37.174115,2020-03-09T10:07:04.371738,Open Institute,support@openinstitute.com,active,"",70b35848-e414-46b2-9d9f-c0614903e043,dataset,2,cc-by,urban-population-by-age-sex-and-county,TRUE,https://www.knbs.or.ke/?wpdmpro=2019-kenya-population-and-housing-census-volume-iii-distribution-of-population-by-age-sex-and-administrative-units,"Urban Population by Age, Sex and County ",b520cded-0a69-4e1b-b556-ff5826c131aa,http://www.opendefinition.org/licenses/cc-by,"Table 2.4b: Urban Population by Age, Sex and County",0572f61b-2746-4f80-bcfb-7d96a16a6ecb,,13990623-326b-48a8-9018-7a2f2434c913,TRUE,TRUE,41777924-9eae-43ee-8e27-ccb2fb22ee98,149491,http://data.census.ke/dataset/13990623-326b-48a8-9018-7a2f2434c913/resource/41777924-9eae-43ee-8e27-ccb2fb22ee98/download/table-2.4b-full-urban-population-by-age-sex-and-county-full.csv,41777924-9eae-43ee-8e27-ccb2fb22ee98,False,active,True,"","",CSV,,upload,text/csv,,"Table 2.4b  Full- Urban Population by Age, Sex and County - Full.csv",2020-03-02T17:16:06.432696,http://data.census.ke/dataset/13990623-326b-48a8-9018-7a2f2434c913/resource/41777924-9eae-43ee-8e27-ccb2fb22ee98/download/table-2.4b-full-urban-population-by-age-sex-and-county-full.csv,http://data.census.ke,2020-03-10 07:08:48.619720,2020-03-02T17:16:06.406305,1,fb594b3d-294c-46c6-97df-1608a7773c51,
Creative Commons Attribution,"",FALSE,"",3,453a8c37-9fe4-4e53-8c48-d5ab62c61e18,2020-03-03T07:20:05.658600,2020-03-03T07:20:29.324657,Open Institute,support@openinstitute.com,active,"",70b35848-e414-46b2-9d9f-c0614903e043,dataset,1,cc-by,volume-ii-distribution-of-population-by-administrative-units,TRUE,https://www.knbs.or.ke/?wpdmpro=2019-kenya-population-and-housing-census-volume-ii-distribution-of-population-by-administrative-units,"",b520cded-0a69-4e1b-b556-ff5826c131aa,http://www.opendefinition.org/licenses/cc-by,Volume II: Distribution of Population by Administrative Units,1135b1e2-a650-4c64-a090-a550b0bebb80,,,,,,,,,,,,,,,,,,,,,,,,,,,
Creative Commons Attribution,"",FALSE,"",2,bbac06ba-3fb7-4548-8e26-cca179f4eb35,2020-03-03T07:16:45.577534,2020-03-03T07:17:17.263541,Open Institute,support@openinstitute.com,active,"",70b35848-e414-46b2-9d9f-c0614903e043,dataset,1,cc-by,volume-i-population-by-county-and-sub-county,TRUE,https://www.knbs.or.ke/?wpdmpro=2019-kenya-population-and-housing-census-volume-i-population-by-county-and-sub-county,Full pdf version of the census Volume II,b520cded-0a69-4e1b-b556-ff5826c131aa,http://www.opendefinition.org/licenses/cc-by,Volume I: Population by County and Sub-County,30093ac0-0d41-46f3-a02f-5276a03b2086,,,,,,,,,,,,,,,,,,,,,,,,,,,
