County/ Sub-County,Conventional Households,Earth/ Sand,Dung,"Wood
planks/
Shingles/
Timber","Palm/
Bamboo",Parquet or polished wood,Vinyl or asphal tstrips,Ceramic tiles,"Concrete/
Cement/Terrazo","Wall to wall
Carpet","Not
Stated"
KENYA,"12,043,016",30,13.4,0.4,0.1,0.3,0.1,10.3,43.7,1.5,0
Rural,7379282,42.3,21.1,0.4,0.1,0.1,0.1,3.8,31.3,0.7,0
Urban,4663734,10.6,1.4,0.4,0,0.7,0.3,20.6,63.3,2.8,0
MOMBASA,376295,13.1,0.3,0.1,0,0.2,0.1,19.6,62.3,4.1,0
CHANGAMWE,46439,10.1,0.2,0.1,0,0,0.2,8.6,76.6,4.1,0
JOMVU,53214,18.8,0.8,0,0.1,0,0.3,10.5,64.7,4.7,0
KISAUNI,88159,18.7,0.4,0,0,0.3,0.2,22.3,54.5,3.6,0
LIKONI,80002,11.5,0.1,0.3,0,0.1,0.1,12,71.6,4.3,0
MVITA,38710,8.3,0.3,0.1,0,0.1,0.2,42,45.7,3.2,0.1
NYALI,69771,8.3,0.1,0.2,0,0.3,0.1,27,59.2,4.8,0
KWALE,172802,58.6,0.5,0,0,0.1,0,4.4,35.1,1.2,0
KINANGO,16041,83.7,0.2,0,0,0,0,1.4,14.2,0.4,0
LUNGALUNGA,37276,76.5,1,0.1,0,0.1,0.1,1.1,20.9,0.3,0
MATUGA,39124,54.9,0.2,0,-,0.1,0,5,38.9,1,0
MSAMBWENI,45374,29.5,0.3,0,0,0,0,9.7,57.7,2.7,0
SAMBURU,34987,70.1,0.5,0.1,0.2,0.1,0,2,26.1,0.8,0.1
KILIFI,297990,54.3,0.3,0.1,0,0.1,0.1,5.6,38.3,1.1,0
CHONYI,11416,86.6,0,0,-,0.1,-,0.3,12.8,0.1,-
GANZE,23197,86.9,0.3,0,0,0,0,0.5,12,0.1,0.1
KALOLENI,36344,62.6,0.5,0,0,0.1,0,5,31.1,0.7,0
KAUMA,3479,85.8,0.1,0.1,-,-,0,0.3,13.6,0.1,-
KILIFI NORTH,39508,43.5,0.5,0.3,0,0.1,0,7.6,46.8,1.1,0
KILIFI SOUTH,53011,34.5,0.2,0.1,0.1,0.1,0,11.8,50.8,2.3,0
MAGARINI,32978,78.2,0.2,0.1,0.1,0,0,1,19.8,0.6,0
MALINDI,73317,40.7,0.1,0,0,0.2,0.1,6.1,51.4,1.3,0
RABAI,24740,60.4,0.5,0,0,0,0.1,3.2,34.4,1.3,0
TANA RIVER,66984,75.2,0.8,0.3,0.2,0.1,0.1,1.8,20.3,1.1,0.1
TANA DELTA,22395,82,0.8,0.3,0,0,-,1.4,15.1,0.3,0
TANA NORTH,26119,69.1,0.9,0.4,0.4,0.2,0.3,1.3,25.6,1.7,0
TANA RIVER,18470,75.7,0.8,0.2,0,0,0,2.9,19.2,1.1,0.1
LAMU,34231,51.3,0.7,0.1,0,0,0,4.7,40.3,2.9,0
LAMU EAST,4476,36.6,0.1,0,-,-,-,4.7,54,4.7,-
LAMU WEST,29755,53.5,0.8,0.1,0,0,0,4.7,38.2,2.6,0
TAITA/TAVETA,94468,38.8,0.2,0,0,0.1,0,6.8,53,1,0
MWATATE,23184,42.4,0.1,0,0,0,0,4.9,51.9,0.7,0
TAITA,14985,49.4,0.1,0.1,-,0,0,5,44.8,0.6,0
TAVETA,23417,46.4,0.7,0.1,0,0.1,0.1,5.5,45.6,1.6,0
VOI,32882,26,0.1,0,0,0,0,10,62.9,1,0
GARISSA,138940,68.2,3.4,2.2,0.9,0.7,0.5,3.2,18.9,1.9,0
BALAMBALA,3986,81.6,4.3,3.7,2.6,1,0.3,1,5.3,0.3,-
DADAAB,35169,79.9,5.3,2.6,1.1,1,0.8,0.9,7.5,0.9,0
FAFI,23351,82.7,3.6,2.3,0.7,0.7,0.2,0.5,7.9,1.5,0
GARISSA,29790,29.3,1.2,1.3,0.5,0.7,0.6,11.1,50.8,4.3,0.1
HULUGHO,20078,90.2,3.5,0.9,0.5,0.1,0.1,0.8,3.9,0.1,0
IJARA,18296,53.8,3.5,3.6,1.6,1,0.6,2.9,29.7,3.1,0
LAGDERA,8270,90.4,2,2.5,0.1,0.3,0.1,0.6,3.4,0.6,-
WAJIR,126878,78.2,2.6,1.8,0.6,0.7,0.3,2.2,12.7,0.9,0
BUNA,6480,92.2,3.2,0.8,0.3,0.2,0.2,0.3,2,0.9,-
ELDAS,13862,81.3,4.5,3.6,1,1.3,0.5,3.1,3.9,0.7,-
HABASWEIN,31113,74.3,1.2,1.7,0.5,0.4,0.3,2.2,18.2,1.2,0
TARBAJ,9241,91.7,3.2,1.9,0.6,0.4,0.1,0.5,1.2,0.2,-
WAJIR EAST,18282,52.8,1.3,2.1,1.1,1,0.5,7.5,31.4,2.3,0
WAJIR NORTH,10478,69.7,3.9,2.9,0.7,0.3,0.1,0.7,21.4,0.2,-
WAJIR SOUTH,21149,90.8,4.2,0.8,0.2,1.3,0.2,0.3,2.1,0.2,0
WAJIR WEST,16273,87.2,1.8,1.4,0.4,0.4,0.3,0.8,7.4,0.4,-
MANDERA,123954,78.6,3.1,2.1,0.6,0.3,0.2,1.4,13,0.7,0
MANDERA WEST,14201,76.3,4.5,1.8,0.3,0.3,0.1,1.1,15.5,0.3,0
BANISA,24000,89.1,4.5,1.6,0.4,0.2,0.1,0.6,3,0.3,0
KOTULO,9342,81.2,2.1,1.2,1,0.7,0.6,1.7,11.3,0.3,-
LAFEY,11380,90.2,4.2,2.9,0.8,0.3,0.2,0.3,0.8,0.3,-
MANDERA CENTRAL,20795,74,2.3,1.9,0.5,0.4,0.3,1.2,18.3,1.1,0.1
MANDERA EAST,25206,61.7,2.3,2.9,0.7,0.2,0.2,3.6,27,1.6,-
MANDERA NORTH,19030,86.4,2,1.9,0.5,0.1,0.4,0.3,7.8,0.5,-
MARSABIT,76689,65.5,5.6,0.7,0.3,0.1,0,3.2,23.9,0.7,0.1
LOIYANGALANI,7646,87.5,0.6,1.9,2.2,0.1,0,0.5,7,0.1,-
MARSABIT CENTRAL,15658,34.2,15.9,0.4,0.1,0,0,11.1,36.2,2.1,0
MARSABIT NORTH,7468,91.9,0.1,0.2,0.1,0,0.1,0.4,7.1,0,-
MARSABIT SOUTH,11563,85,2.2,2.3,0.1,0,0,0.8,9.3,0.2,0
MOYALE,17591,45.2,3.7,0.2,0.1,0.1,0,2.5,47.5,0.7,0
NORTH HORR,9601,96.2,0.8,0.1,0,0,0,0.4,1.9,0.1,0.4
SOLOLO,7162,59.8,10.6,0.2,0.1,0.1,0,0.9,28.1,0.2,0
ISIOLO,53217,61.9,1.1,0.6,0.4,0.2,0.2,5.2,29.3,1,0
GARBATULLA,17047,84.6,1.5,0.6,1.2,0.5,0.4,1.6,9,0.5,0
ISIOLO,27612,38.5,1.1,0.8,0.1,0.1,0.1,9,48.8,1.5,0
MERTI,8558,92,0.5,0.1,0,0,-,0.4,6.6,0.3,-
MERU,423931,44,1.9,1.3,0.1,0.3,0.1,5.9,45,1.4,0
BUURI EAST,23737,35.4,1.7,0.2,0,0.1,0.1,7.5,53.1,1.8,0
BUURI WEST,27905,38.4,0.8,0.3,0,0.1,0,4.1,53.2,3,0
IGEMBE CENTRAL,51848,60.3,0.9,4.9,0,0.3,0.1,3.5,28.6,1.3,0
IGEMBE NORTH,38716,62,1,1.8,0.3,0.3,0.1,3.1,29.5,1.8,0
IGEMBE SOUTH,43222,47.3,0.4,1.8,0.1,0.7,0.1,5.2,43,1.4,0.1
IMENTI NORTH,57556,21.2,0.6,0.5,0,0.1,0.1,12.7,62.8,2.1,0
IMENTI SOUTH,63954,33.7,0.5,0.4,0,0.1,0,7.1,57.5,0.7,0
MERU CENTRAL,39498,39,0.7,0.1,0,0.3,0.1,6.4,52.6,0.7,0
TIGANIA CENTRAL,24983,59.9,1,0.7,0,0.1,0,2.7,34.7,0.8,0
TIGANIA EAST,16791,61.1,6.4,0.4,0.1,0.3,0,2.8,28.3,0.5,0.1
TIGANIA WEST,35402,47.9,12.3,1.6,0.1,0.3,0.1,4.1,32.4,1.2,0
MERU NATIONAL PARK,46,-,-,-,-,-,-,6.5,93.5,-,-
MT. KENYA FOREST,273,88.3,-,2.2,-,-,-,0.4,9.2,-,-
THARAKA-NITHI,109450,50.9,0.6,0.3,0,0.1,0.1,4.2,43,0.6,0
IGAMBANG'OMBE,14383,66.5,0.5,0.1,-,0.1,0,1.2,31.2,0.4,0
MAARA,34779,39.6,0.8,0.6,0,0.1,0.3,5.4,52,1.1,0
MERU SOUTH,28211,33.3,0.5,0.3,0,0,0,7.5,57.6,0.7,0
THARAKA NORTH,13403,76.8,0.6,0.1,0.1,0.2,0.1,1,21,0.1,0.1
THARAKA SOUTH,18603,68,0.7,0.1,0,0.1,0,1.8,29.1,0.1,0
MT. KENYA FOREST,71,14.1,-,4.2,-,-,-,-,81.7,-,-
EMBU,182427,39.5,0.8,0.1,0,0.1,0.1,7.6,50.9,0.9,0
EMBU EAST,39586,38.3,2.7,0.1,0,0.2,0,6.4,51.3,0.9,-
EMBU NORTH,24294,39.7,0,0.1,0,0,0.2,8.1,51,0.8,0
EMBU WEST,43126,23.5,0.3,0.1,0,0,0,13.8,60.7,1.5,0
MBEERE SOUTH,45924,48,0.6,0,0,0,0,5,45.6,0.7,0
MBEERE NORTH,29483,51.3,0.3,0.1,0,0,0,3.8,44.1,0.3,0
MT. KENYA FOREST,14,7.1,-,-,-,-,-,-,92.9,-,-
KITUI,261814,52.1,0.5,0.2,0,0.2,0,4.4,42.1,0.4,0
IKUTHA,16579,70.6,0.7,0.1,0.1,0.1,0,1.1,27.2,0.2,0
KATULANI,12166,47.5,0.6,0.1,0.1,0.5,0.1,4.1,46.9,0.4,-
KISASI,10860,50,0.7,0,0,0.2,0,2,46.7,0.4,0
KITUI CENTRAL,29026,27.1,0.3,0.2,0,0.4,0.1,11.8,59.4,0.7,0
KITUI WEST,17465,34.3,0.3,0.1,0,0,0,6.9,57.5,0.8,-
KYUSO,15969,67.1,0.4,0.1,0,0.1,-,1.7,30.4,0.2,0
LOWER YATTA,15021,56.5,1.3,0.5,0,0.2,0,2.5,38.3,0.7,0
MATINYANI,11497,40,0.5,0,0.1,0.1,0.1,5.5,53.5,0.2,-
MIGWANI,18843,37,0.2,0,0,0,0,6.7,55.6,0.3,0
MUMONI,6451,63.9,0.2,0.4,0,0.2,0,2.2,32.8,0.2,0
MUTITU,11490,75.7,1.5,0.7,0,0,0,1.1,20.6,0.1,0.1
MUTITU NORTH,4929,62.9,0.8,0.1,0,0.5,0.1,2.1,33.2,0.2,0
MUTOMO,23034,67.7,0.6,0.2,0.1,0,0,1.5,29.7,0.2,0
MWINGI CENTRAL,26745,41.3,0.2,0.1,0,0.3,0.1,6.5,50.5,0.9,0
MWINGI EAST,18725,68.4,0.6,0.2,0.1,0.3,0.1,1.8,28.5,0.1,0
NZAMBANI,11276,43.2,0.2,0.1,0.1,0.2,0,5.1,51,0.2,-
THAGICU,3289,73.5,1,0.4,-,0,0,0.7,24.4,0,-
TSEIKURU,8449,73.1,0.6,0.2,0.1,0,0,1.8,23.8,0.3,-
MACHAKOS,399523,25.5,0.3,0.1,0,0.2,0.1,16.5,56.3,0.8,0
ATHI RIVER,109723,7.3,0.1,0.2,0,0.4,0.2,31.4,58.8,1.5,0.1
KALAMA,14137,30.7,1.1,0.1,0,0.1,0.1,8.9,58.6,0.4,0
KANGUNDO,26115,30,0.1,0,-,0,0,11,58.6,0.3,0
KATHIANI,28730,35.1,0.4,0,-,0.3,0,9.9,53.8,0.5,0
MACHAKOS,50753,15.4,0.2,0,0,0.1,0.1,21,62.2,1,0
MASINGA,36196,45.2,0.5,0.1,0.2,0.3,0.1,4.2,49,0.3,0
MATUNGULU,44399,31.8,0.4,0,0,0.2,0.2,14.2,52.2,0.9,0
MWALA,45809,34.2,0.4,0,-,0.1,0,6.1,58.7,0.5,0
YATTA,43661,40.7,0.4,0.2,0.1,0.1,0.2,7.4,50.4,0.5,0
MAKUENI,243979,36.6,0.5,0,0,0.1,0,5.9,56.4,0.5,0
KATHONZWENI,18362,39.3,0.3,0,0,0.1,0.1,2.9,56.9,0.3,0
KIBWEZI,47594,42,0.3,0.1,0,0,0,4.6,52.4,0.5,0
KILUNGU,14563,39.2,1.4,0,-,0,-,9.3,49.8,0.2,0
MAKINDU,21662,37.9,0.1,0,0,0,0,7.2,54.3,0.4,0
MAKUENI,34352,27.3,0.7,0,0,0.6,0.1,8.4,62.2,0.7,0
MBOONI EAST,23724,39.2,0.6,0,0,0,0,3.6,56.2,0.3,0
MBOONI WEST,24807,40.8,0.5,0.1,0,0.3,0,5,53,0.3,0
MUKAA,28109,32.5,0.2,0.1,0,0.1,0,7.8,58.2,1,0
NZAUI,30806,32.8,0.4,0,0,0.1,0,5,61.3,0.3,0
NYANDARUA,178224,50.6,0.3,0.7,0,0.2,0.1,6.3,39.5,2.2,0
KINANGOP,30847,44.8,0.1,0.6,0,0.3,0.1,8.9,39.7,5.4,0
NYANDARUA SOUTH,25650,50.3,0.3,1.4,0,0.1,0,8.4,37.4,2,0
MIRANGINE,17880,60.7,0.2,0.3,0,0.2,0.2,3.1,33.9,1.4,0
KIPIPIRI,25077,60.8,0.1,1.5,-,0.3,0,4.5,31.5,1.2,0
NYANDARUA CENTRAL,21852,39.8,0.6,0.2,0,0.1,0.2,8,49.5,1.6,0
NYANDARUA WEST,29003,44.5,0.4,0.4,0,0.2,0.2,6.1,46,2.3,0
NYANDARUA NORTH,27906,56.2,0.6,0.7,0.2,0.2,0.2,3.9,37.3,0.8,0
ABERDARE NATIONAL PARK,9,-,-,-,-,-,-,-,100,-,-
NYERI,244564,39.8,0.1,0.8,0,0.2,0.1,6.2,51.7,1.2,0
TETU,24122,44.5,0,1.6,0,0.1,0,5.3,47.1,1.3,0
KIENI EAST,36751,41.4,0.1,1,0,0.2,0,4.7,51.7,1,0
KIENI WEST,27530,61.6,0,1.5,0.1,0.3,0.2,2.6,32.7,0.9,0
MATHIRA EAST,33945,34.2,0,0.3,0,0.3,0.1,6.4,57.4,1.3,0
MATHIRA WEST,18892,46.6,0.1,0.6,-,0.1,0,4.3,47.8,0.5,0
NYERI SOUTH,28103,39.5,0.1,0.5,-,0.3,0,6.5,52.2,0.9,0
MUKURWE-INI,27036,49.7,0,0.4,0,0.1,0,4.5,44.5,0.7,0
NYERI CENTRAL,48036,19.4,0.1,0.6,0,0.3,0.1,11.1,66.2,2.2,0
MT. KENYA FOREST,101,38.6,-,-,-,-,-,-,60.4,1,-
ABERDARE FOREST,48,-,-,4.2,-,-,-,2.1,93.8,-,-
KIRINYAGA,203576,42.2,0.2,0.1,0,0,0.1,8.6,47.3,1.5,0
KIRINYAGA CENTRAL,40149,34.4,0.1,0.1,0,0,0,9.8,54.7,0.7,0
KIRINYAGA EAST,44509,42.3,0.2,0.1,0,0,0,8,48.3,0.9,0
KIRINYAGA WEST,37951,40.1,0.1,0.1,0,0,0,7.7,51.2,0.8,0
MWEA EAST,46331,44,0.2,0.1,0,0.1,0.1,9.3,43.5,2.7,0
MWEA WEST,34613,51.1,0.4,0,0,0.1,0.1,7.8,37.9,2.5,0
MT. KENYA FOREST,23,-,-,-,-,-,-,-,100,-,-
MURANG'A,317496,39.9,0.2,0.2,0,0.2,0.1,7.9,50.5,1,0
MURANG'A EAST,34650,35.8,0.1,0.1,-,0.1,0.1,13.5,49.4,0.8,0
KANGEMA,25283,46.5,0.2,0.2,-,0.1,0,6.7,45.5,0.8,-
MATHIOYA,28372,52.3,0,0.4,0,0.1,0,4.3,42.2,0.6,0
KAHURO,26778,44.7,0,0.2,-,0.1,0,6.9,47.5,0.6,0
MURANG'A SOUTH,55878,37.2,0.5,0.1,0,0.3,0.1,7.8,52.8,1.2,0
GATANGA,55340,30,0.2,0.2,0,0.3,0.2,8.9,59.2,1,0
KIGUMO,40528,47.5,0.1,0.1,0,0,0.2,6.5,44.5,1,0
KANDARA,50657,37.6,0.3,0.1,0,0.2,0,7.7,52.5,1.6,0
ABERDARE FOREST,10,40,-,-,-,-,-,-,60,-,-
KIAMBU,792333,10.6,0.1,0.2,0,0.4,0.2,22.2,63.9,2.5,0
GATUNDU NORTH,31452,29.6,0.1,0.1,0,0.1,0,12.3,56.4,1.4,0
GATUNDU SOUTH,35577,30,0.2,0.1,0,0,0,11.5,56.5,1.7,0
GITHUNGURI,49414,17.4,0.1,0.6,0,0.1,0.2,12.3,67.2,1.9,0
JUJA,104042,6.4,0.1,0.2,0,0.2,0.2,30.4,58.6,3.9,0
KABETE,66681,4.5,0,0.3,0,0.3,0.3,20.2,73.3,1,0
KIAMBAA,80316,5.6,0,0.3,0,0.2,0.4,22.8,67.9,2.8,0
KIAMBU,46816,5.3,0,0.4,0,1.5,0.2,28.5,61.9,2,0.1
KIKUYU,60619,6.9,0,0.3,0,0.7,0.2,26.4,64.4,1.2,0
LARI,38585,34.8,0.2,0.3,0,0.3,0.1,11.8,49.1,3.4,0
LIMURU,49096,13.8,0,0.5,0,0.5,0.1,11.6,71.6,1.8,0
RUIRU,127910,2.8,0,0.2,0,0.5,0.1,27.6,66.1,2.6,0
THIKA EAST,12736,20.2,0,0.1,0,0.1,0,13.4,64.4,1.8,0
THIKA WEST,89089,9.3,0.1,0.1,0,0.1,0.1,24,62.6,3.6,0
TURKANA,162627,82.1,2.7,1.5,0.4,0.2,0.2,1.2,10.9,0.8,0.1
KIBISH,5699,93,2,2.2,0.4,0.4,0.2,0.1,1.7,0,-
LOIMA,19139,89,3.8,4.7,0.4,0.1,0.1,0.2,1.7,0,0.1
TURKANA CENTRAL,37917,69.6,1.7,0.6,0.4,0.1,0.1,3.5,23.4,0.7,0
TURKANA EAST,17887,89.5,3.4,1.3,0.3,0.1,0.1,0.5,4.5,0.1,0.1
TURKANA NORTH,12964,90.5,0.9,2.3,1.1,0.1,0,0.2,4.8,0.1,0
TURKANA SOUTH,24281,78.4,4.9,0.5,0.4,0.2,0.3,0.8,14.2,0.1,0.1
TURKANA WEST,44740,84.9,2.2,1.2,0.2,0.4,0.4,0.5,7.9,2.2,0.1
WEST POKOT,115761,45.5,35.1,0.5,0.1,0.2,0,1.5,16.9,0.2,0
KIPKOMO,18367,41,38.2,0.2,0,0,0,0.7,19.9,0,-
POKOT CENTRAL,21784,56.8,33.4,0.3,0.1,0.2,0,0.2,9,0.1,0
POKOT NORTH,25736,50.1,41.5,1.2,0.1,0.1,0,0.2,6.6,0,0.1
POKOT SOUTH,13752,57.9,29.8,0.1,0.2,0.1,0,0.6,11.2,0.2,-
WEST POKOT,36122,33.1,31.9,0.4,0.1,0.4,0.1,4,29.5,0.6,0
SAMBURU,63951,72.8,4.4,0.5,0.1,0.2,0.1,2.6,19,0.5,0
SAMBURU CENTRAL,33720,66.2,6.3,0.5,0.1,0.2,0.1,3.8,22.6,0.2,0
SAMBURU EAST,17307,78.4,1.9,0.4,0.1,0.2,0,2,15.8,1.2,-
SAMBURU NORTH,12924,82.3,2.6,0.6,0.1,0,0,0.5,13.6,0.2,0
TRANS NZOIA,222989,20.4,39.7,0.2,0,0.1,0.1,6.1,32.2,1.1,0
TRANS NZOIA WEST,47576,18,32.3,0.2,0,0.1,0.2,6.3,41.2,1.7,0
TRANS NZOIA EAST,49955,26.8,42.5,0.1,0,0,0.1,4.5,25.1,0.8,0
KWANZA,45599,14.3,47.1,0.3,0,0.1,0.1,5.6,31,1.4,0
ENDEBESS,23246,25.8,56.1,0.2,0,0,0,0.6,16.5,0.7,0
KIMININI,56613,19.6,30.6,0.2,0.1,0.2,0.1,10,38.2,0.9,0
UASIN GISHU,301110,14,20.6,0.3,0,0.3,0.2,13.2,49.7,1.7,0
AINABKOI,34862,14.8,19.8,0.5,0,0.7,0.3,15.7,45.8,2.5,0
KAPSERET,59678,10.8,9.2,0.2,0,0.4,0.4,16,61.6,1.3,0
KESSES,34623,21.4,29.7,1.2,0,0.2,0.1,9,37.2,1.2,0
MOIBEN,46602,10.9,21.8,0.2,0,0.1,0.1,17.8,46.8,2.2,0
SOY,53758,18.4,29.5,0.2,0,0.2,0.1,7.2,43.3,1,0
TURBO,71587,11.4,18.5,0.1,0,0.2,0.1,13.3,54.4,1.9,0
ELGEYO/MARAKWET,99119,29.2,39.5,0.5,0.1,0.1,0,2.6,27.4,0.5,0
KEIYO NORTH,21749,21.7,33.4,0.2,0,0.1,0,5.9,37.8,0.9,0
KEIYO SOUTH,26740,19.8,46.6,0.9,0,0.2,0.1,1.9,29.6,0.9,0
MARAKWET EAST,21123,48.2,30.2,0.5,0.5,0.1,0,0.9,19.4,0.1,0
MARAKWET WEST,29507,29.8,44.1,0.3,0,0,0,2.1,23.5,0.1,0
NANDI,199040,17.2,39.9,0.2,0,0.1,0,4.9,36.9,0.9,0
CHESUMEI,39011,13.4,32,0.1,0,0,0,8.8,44.2,1.5,0
NANDI CENTRAL,34247,15.5,35.3,0.1,0,0.1,0.1,6.8,40.9,1.1,0
NANDI EAST,29249,15.8,30.2,0.3,0,0.1,0,3.8,48.4,1.2,0
NANDI NORTH,35257,18.1,48.9,0.1,0.1,0.1,0.1,3.2,29,0.4,0
NANDI SOUTH,37038,20.7,45.5,0.1,0,0,0,3.7,29.6,0.4,0
TINDERET,24238,20.4,49.2,0.4,0,0,0,1.4,27.9,0.6,0
BARINGO,141877,47.2,15.4,1.3,0.1,0.2,0,2.5,32.8,0.4,0
BARINGO CENTRAL,23523,32.9,13.5,0.2,-,0.1,0,4.6,48,0.7,0
BARINGO NORTH,23345,57.4,13.7,0.7,0,0,0,1.1,26.9,0.1,0
EAST POKOT,14392,77,11.5,2.8,0.7,0.2,0.1,0.4,7.2,0.1,-
KOIBATEK,30752,24.3,22.1,3.3,0,0.6,0,4.5,44.3,0.8,0
MARIGAT,19658,51.6,11.5,0.3,0,0.1,0,1.5,34.6,0.4,0
MOGOTIO,18169,42.7,17.7,0.1,-,0.1,0,2.7,36.5,0.2,-
TIATY EAST,12038,77.7,12.3,1.3,0.2,0.1,0,0.3,8,0,0
LAIKIPIA,145776,49.9,3,0.5,0,0.2,0.1,4.8,39.8,1.7,0
LAIKIPIA CENTRAL,29877,50.3,0.2,0.5,0,0.2,0.1,5.9,41.3,1.5,0
LAIKIPIA EAST,31311,35,1.1,0.4,0,0.3,0.1,6.4,54.3,2.3,0
LAIKIPIA NORTH,7694,76.6,4.5,0.6,0.2,0.2,0.2,0.6,16.8,0.2,0
LAIKIPIA WEST,32821,64.6,7.1,0.3,0,0.1,0,2.6,24.5,0.7,0
NYAHURURU,44073,44.5,3,0.5,0,0.1,0.1,5.4,43.8,2.5,0
NAKURU,598237,27.9,7.7,0.3,0,0.2,0.2,10.6,51.4,1.7,0
GILGIL,49405,35.5,2.4,0.1,0,0.4,0.1,11.8,48,1.7,0
KURESOI NORTH,40168,48.4,30.1,0.8,0,0.1,0,1.4,18.4,0.7,0
KURESOI SOUTH,34543,32.1,36,0.4,0,0.1,0,1.9,28.5,1,0
MOLO,41439,44.1,8,0.6,0,0.2,0.1,5.5,40.5,1.1,0
NAIVASHA,111493,18.6,0.6,0.1,0,0.2,0.4,11.5,65.9,2.6,0
NAKURU EAST,60066,7.5,0.3,0.2,0,0.4,0.2,23.8,64.8,2.8,0
NAKURU NORTH,61582,23.5,1.4,0.2,0,0.1,0.1,16,57.2,1.5,0
NAKURU WEST,64429,9.1,1.5,0.2,0,0.3,0.1,10.9,75.6,2.1,0
NJORO,61156,48.2,12.1,0.3,0.1,0.1,0.1,4.8,33.2,1.2,0
RONGAI,52248,28.4,11,0.3,0,0.1,0.1,12.3,46.7,0.9,0
SUBUKIA,21708,48.1,5.8,0.2,0,0.1,0,3.7,41.2,0.7,0
NAROK,238115,46.3,28.1,0.3,0.1,0.2,0.1,3.2,20.8,0.9,0
NAROK EAST,24860,67.4,5.2,0.2,0.1,0.1,0,2.6,23.3,1,0
NAROK NORTH,59802,49.7,8,0.4,0.1,0.2,0.1,8.1,31.8,1.7,0
NAROK SOUTH,46549,56,28.6,0.7,0.1,0.2,0.1,1.1,12.7,0.4,0
NAROK WEST,37782,41.3,40.9,0.2,0.1,0.2,0.1,1.7,14.6,1.1,0
TRANS MARA EAST,20439,26.8,64.1,0.2,0.1,0,0,0.5,8.2,0.1,0
TRANS MARA WEST,48683,34.3,38.8,0.2,0,0.1,0,1.9,24.1,0.5,0
MAU FOREST,-,-,-,-,-,-,-,-,-,-,-
KAJIADO,313218,21.7,1.2,0.3,0.1,0.3,0.2,18.8,56,1.4,0
ISINYA,71395,5.9,0.1,0.4,0.1,0.4,0.1,27.3,64.1,1.4,0.1
KAJIADO CENTRAL,37059,39.1,2.8,0.3,0.1,0.1,0,8.8,48,0.8,0
KAJIADO NORTH,100908,4.9,0.1,0.3,0,0.5,0.3,28.2,63.6,2.2,0
KAJIADO WEST,42367,41,4,0.3,0.1,0.2,0.1,9.5,43.8,1.1,0
LOITOKITOK,45581,49.4,1.5,0.3,0.1,0.1,0.1,4.9,42.8,0.8,0
MASHUURU,15908,27.7,0.6,0.2,0.2,0.6,0.1,8.2,61.3,1.2,0
KERICHO,205932,16.8,37.3,0.4,0,0.2,0.1,4.7,39.2,1.4,0
BELGUT,34978,13.6,30.4,0.1,0,0.3,0.1,5.1,49.2,1.1,0
BURETI,43098,21,37.3,0.1,0,0.2,0,5.2,33.8,2.3,0
KERICHO EAST,44246,10.1,23.8,0.1,0,0.2,0.1,7.6,56.4,1.6,0.1
KIPKELION,24676,20.7,55.3,1.2,0,0.2,0.1,1.1,20.6,0.7,0
LONDIANI,31739,19.5,36.5,1.2,0,0.2,0.1,3.3,38.2,1.1,0
SOIN SIGOWET,27195,18.2,52.4,0.2,0,0,0.1,3.3,24.7,1.1,0
BOMET,187230,22.7,41.2,0.2,0,0.1,0,3.7,30.6,1.5,0
BOMET EAST,29897,27.4,47.6,0.1,0,0.1,0,2,21.8,0.9,0
CHEPALUNGU,33850,21.6,64.4,0.1,0,0,0,2.1,11.3,0.5,0
KONOIN,38123,16.3,26.6,0.2,0,0.2,0,3.1,51.7,1.9,0
SOTIK,47265,27.2,40.3,0.2,0,0.1,0,4.3,25.5,2.4,0
BOMET CENTRAL,38095,20.8,31.4,0.2,-,0.1,0,6.2,39.8,1.6,0
KAKAMEGA,432284,16.2,55.3,0.1,0,0.1,0,3.5,24.2,0.6,0
BUTERE,36243,15.7,64.7,0.1,0,0,0,1.9,17.3,0.3,0
KAKAMEGA CENTRAL,51956,12.9,27.1,0.1,0,0.1,0.1,10.8,46.8,2.2,0
KAKAMEGA EAST,39589,17.9,58.1,0.2,0,0,0,2.7,20.7,0.3,0.1
KAKAMEGA NORTH,50952,21,57.3,0.1,0,0.1,0,1.8,19.3,0.3,0
KAKAMEGA SOUTH,26940,8.1,69.8,0.1,0,0,0,2.7,19,0.2,0
KHWISERO,27681,15,64.7,0.1,0,0,0,2.4,17.3,0.4,0
LIKUYANI,34776,17.1,41.7,0.1,0.1,0.1,0.2,4.9,34.9,0.8,0
LUGARI,27817,12.9,54,0.1,0,0,0,3.6,28.5,0.8,0
MATETE,13956,24.6,56.6,0.3,0,0.1,0,1.5,16.5,0.4,-
MATUNGU,36414,11.2,68.4,0.1,0.1,0.1,0.1,1.4,18.3,0.2,0
MUMIAS EAST,25995,18.3,62.1,0.1,0,0.1,0,2.3,16.9,0.2,0
MUMIAS WEST,27650,13.9,50.4,0.1,-,0.1,0.1,3.6,31.3,0.5,0
NAVAKHOLO,32315,24,62.3,0.2,0.1,0.1,0,1.2,11.8,0.2,0
VIHIGA,143288,17.1,50.7,0.1,0,0,0,3.8,27.5,0.6,0
EMUHAYA,23803,15.1,62,0.1,-,0,0,2.3,20.1,0.5,0
VIHIGA,23359,17.3,48.8,0.1,0,0.1,0,4.3,29,0.5,0
SABATIA,31391,17.1,49.9,0.1,-,0.1,0,4.4,27.6,0.8,0
LUANDA,26766,16.3,49.4,0.1,0,0,0,3.8,29.7,0.7,0
HAMISI,37965,19,46.4,0.1,0,0,0.1,4.2,29.8,0.4,0
KAKAMEGA FOREST,4,50,-,-,-,-,-,-,50,-,-
BUNGOMA,357714,23.4,43.9,0.2,0,0.1,0.1,4,27.4,0.9,0
BUMULA,44922,35.2,42.6,0.2,0.1,0.1,0,1.2,20.4,0.2,0
BUNGOMA CENTRAL,37535,25.2,45.2,0.3,0,0.1,0.1,2.3,26.4,0.4,0
BUNGOMA EAST,24798,13.2,51.5,0.2,0,0,0,3.7,31.1,0.3,0
BUNGOMA NORTH,24940,22.4,51,0.1,0.1,0,0,2.7,23.1,0.5,0
BUNGOMA SOUTH,69088,19.5,28.2,0.2,0.1,0.2,0.1,9.9,41.1,1,0
CHEPTAIS,26007,27.4,54.8,0.4,0.1,0.1,0.3,0.8,16,0.2,0
KIMILILI,35053,23.2,45.8,0.2,0.1,0.1,0.1,4,23.9,2.7,0
MT. ELGON,15230,21.5,54.5,0.2,0,0.2,0,2,21.1,0.3,0
BUNGOMA WEST,25166,30.2,37.1,0.2,0,0.2,0.1,1.5,30.4,0.3,0
TONGAREN,21343,18.7,48.9,0.1,-,0.1,0,3.2,28.3,0.7,0
WEBUYE WEST,32834,17.5,51.3,0.1,0,0.1,0,4.4,23.6,2.9,0
MT. ELGON FOREST,798,13.3,86.1,0.4,-,-,-,-,0.3,-,-
BUSIA,197944,15,46.3,0.1,0,0.1,0.1,4.5,33.3,0.5,0
BUNYALA,19028,20.4,34.5,0.1,0,0,0,2.7,42,0.5,0
BUSIA,33152,11.1,40.7,0.1,0.1,0.3,0.1,8.1,38.3,1,0
BUTULA,32199,11.7,61.5,0.1,0,0.2,0,2.3,23.9,0.3,0
NAMBALE,23889,18.6,53.4,0.1,0,0.3,0,2.9,24.3,0.4,0
SAMIA,23813,11.3,53.2,0.1,0,0,0,3,32.2,0.2,-
TESO NORTH,29314,19,31.8,0.1,0,0,0,4.9,43.4,0.8,0
TESO SOUTH,36549,15.7,46.7,0.1,0,0.1,0.2,5.5,31,0.5,0
SIAYA,249341,20.4,34.4,0.1,0,0.1,0.1,4.8,39.2,0.9,0
SIAYA,57386,18.4,35.1,0.1,0.1,0.1,0.1,5.4,39.8,1,0.1
GEM,44696,21.2,44.3,0.1,0,0,0,3.9,29.9,0.5,0
UGENYA,33554,14.7,46.4,0.1,0.1,0.1,0,3.5,34.5,0.5,0
UGUNJA,26321,15,44.2,0.1,0,0.2,0.1,4.7,35.2,0.6,0
BONDO,50454,23.1,19.8,0.1,0,0.1,0,6.4,49.1,1.4,0
RARIEDA,36930,27.8,23.3,0.1,0,0.1,0.1,4,43.6,0.9,0.1
KISUMU,296846,22.6,19.2,0.1,0,0.1,0.1,11.3,44.5,1.9,0
KISUMU EAST,61499,19.9,7.3,0,0,0.2,0.1,15.1,54.1,3.2,0
KISUMU CENTRAL,52163,10.9,0.8,0.1,0,0.2,0.2,22.6,61.4,3.8,0
KISUMU WEST,42785,22.4,15,0.1,0,0.1,0.1,10.5,50.7,1.1,0
SEME,29404,29.5,19.5,0.2,0.1,0.1,0.1,5.1,44.7,0.7,0
MUHORONI,36982,30.5,33.4,0.1,0,0,0,3.7,31.1,1,0
NYANDO,38460,27.3,39.1,0.1,0,0.1,0.1,7,24.9,1.3,0
NYAKACH,35553,26.1,35.7,0.1,0,0.1,0,6.6,30.6,0.8,0
HOMA BAY,260290,28.1,29.8,0.2,0.1,0.1,0.1,4.4,36.5,0.7,0
HOMA BAY,28471,21.6,18,0.1,0.1,0.1,0.1,9,49.3,1.6,0
NDHIWA,47956,39.9,34.8,0.2,0,0,0,2.2,22.3,0.4,0
RACHUONYO NORTH,41661,27.2,24,0.1,0.1,0,0,4.8,43.5,0.4,0
RACHUONYO EAST,27229,33.6,28.9,0.1,0,0.1,0,4,32.9,0.3,0
RACHUONYO SOUTH,30693,23.7,26.2,0.1,0.1,0.1,0.1,7.3,41.6,0.7,0
RANGWE,26983,28.7,35.6,0.3,0.1,0.2,0.2,4,30.4,0.5,0
SUBA NORTH,29662,20.4,31.7,0.1,0.1,0,0,3.1,43.1,1.4,0
SUBA SOUTH,27635,23.2,39.1,0.2,0.1,0.1,0.1,2.1,34.3,0.6,0
MIGORI,238133,39.1,20.1,0.1,0.1,0.2,0.1,4.9,34.8,0.6,0
AWENDO,27014,32.9,25.1,0.1,0,0,0,3.8,37.5,0.5,0
KURIA EAST,17267,69.5,13.1,0.2,0.2,0.4,0.2,2.2,13.9,0.2,0
KURIA WEST,39723,56.4,8.6,0.1,0.1,0.4,0.1,4.6,29.2,0.6,0
NYATIKE,39358,35.2,17.9,0.1,0,0,0,3.4,42.7,0.6,0
RONGO,29007,28.3,23.1,0.1,0,0.1,0.1,7.4,40.1,0.8,0
SUNA EAST,27214,25,25.4,0.1,0,0.1,0,8.2,40.2,0.8,0.1
SUNA WEST,28839,38.5,11.2,0.1,0.1,0.2,0.3,7.4,41.1,1,0
URIRI,29711,33.4,38.3,0.2,0,0.2,0,2.4,25.1,0.3,0
KISII,307254,38.1,28.8,0.2,0,0,0.1,4.3,27.8,0.7,0
ETAGO,18610,42,41.6,0.5,0,0,0,0.8,14.7,0.2,0
GUCHA,19621,37,34.5,0.1,0,0,0,3.2,24.6,0.5,0
GUCHA SOUTH,19627,42.1,36.5,0.1,0,0.1,0.1,2.4,17.9,0.7,0
KENYENYA,30985,38.7,34.5,0.4,0,0,0,1.3,24.7,0.3,0
KISII CENTRAL,44037,22.6,25.5,0.2,-,0.1,0.1,8.7,41,1.8,0
KISII SOUTH,31574,53.6,13.8,0,0,0,0,4.7,27.4,0.5,0
KITUTU CENTRAL,41233,32.7,13,0,0,0,0,10.8,42,1.4,0
MARANI,26133,39.8,44.3,0.2,0,0,0.1,1.4,14,0.2,0
MASABA SOUTH,29206,40.9,29.3,0.1,0,0,0,2.8,26.5,0.3,0
NYAMACHE,30583,38.6,35.2,0.3,0,0,0,1.5,24,0.3,0
SAMETA,15645,45.7,27.7,0,0,0,0,2,24.2,0.2,0
NYAMIRA,150499,35.9,33.1,0.1,0,0.1,0.1,4.4,25.5,0.7,0
BORABU,19404,27.3,25.1,0.1,0.1,0.3,0.1,5.9,40.6,0.4,0
MANGA,23836,28.5,39.9,0.1,0.1,0.3,0.1,3.8,26.4,0.7,0
MASABA NORTH,27904,34.8,35.7,0.1,0,0.1,0.1,3.7,25.1,0.4,0
NYAMIRA NORTH,40396,38.4,36.6,0.1,0,0,0.1,3.8,20.4,0.7,0
NYAMIRA SOUTH,38959,43.1,27.5,0.1,0,0.1,0.1,5.1,23.3,0.8,0
NAIROBI CITY,1494676,6.2,0.1,0.6,0,1.4,0.4,25.4,62.5,3.2,0.1
DAGORETTI,154949,4.6,0,0.1,0,0.3,0.1,13.5,79.1,2.3,0.1
EMBAKASI,346462,3.6,0,0.2,0,0.4,0.6,33.3,59.8,2.1,0
KAMUKUNJI,83680,8.6,0.2,0.2,0,0.2,0.5,18.5,65.7,5.9,0.1
KASARANI,268611,5.2,0.2,0.2,0,0.7,0.2,33.6,56.3,3.7,0
KIBRA,61651,21.4,0.9,0.7,0,1.7,0.7,10.2,59.8,4.7,0
LANG'ATA,60187,10.1,0.1,2.1,0.1,5.1,0.8,38.5,40.7,2.2,0.1
MAKADARA,70080,3.8,0,0.3,0,0.7,1,11,77.4,5.7,0
MATHARE,74967,12.2,0.2,0.3,0,0.2,0.4,4.4,78.7,3.7,0.1
NJIRU,204492,5.6,0.1,0.1,0,0.1,0.1,28.1,62.4,3.3,0.1
STAREHE,66108,4.9,0.1,0.9,0.1,1.5,0.4,25.7,63.6,2.7,0.1
WESTLANDS,103489,5.6,0.1,4.7,0.1,11.5,0.9,22.2,52.3,2.5,0