County/ Sub-County,ConventionalHouseholds,Makuti/Twigs,Makuti thatch,Dung/Mud,Iron sheets,Tins/cans,Asbestos  Concrete/sheet,Cement,Tiles,Canvas/Tents,Decra/Versatile,Nylon/Cartons/Cardboard,Shingles,Not Stated
KENYA,12043016,5.1,1.6,0.9,80.3,0.1,1.4,8.2,1,0.1,0.6,0.6,0,0
Rural,7379282,7.9,2.3,1.3,85.7,0.2,0.9,0.5,0.2,0.1,0.3,0.6,0,0
Urban,4663734,0.6,0.5,0.2,71.8,0.1,2.2,20.5,2.4,0,0.9,0.7,0.1,0
MOMBASA,376295,0.1,0.5,0.3,79.1,0.1,2.1,14.8,1.1,0,0.4,1.2,0.1,0
CHANGAMWE,46439,0,0.1,0.6,81.1,0.1,4.1,11.4,0.3,0,0.1,2.1,0,0
JOMVU,53214,0.1,0.7,0.3,85.3,0.1,0.9,11.1,0.2,0,0.2,0.7,0.3,0
KISAUNI,88159,0.2,0.9,0.2,84.2,0.1,2.3,9,1,0,0.4,1.6,0.1,0
LIKONI,80002,0.1,0.6,0.2,93.5,0.1,1.5,2.8,0.3,0,0.1,0.7,0,0
MVITA,38710,0.1,0.1,0.5,31.7,0.1,2.3,59.8,3.1,0.1,1.2,0.9,0.1,0.1
NYALI,69771,0.1,0.5,0.4,76.5,0.1,2.1,16.1,2.3,0,0.4,1.4,0,0
KWALE,172802,4,25.4,0.2,68.3,0.1,0.9,0.7,0.1,0,0.2,0.1,0,0
KINANGO,16041,12.4,17.3,0.3,68.8,0,0.6,0.1,0.1,0.1,0.1,0.2,-,0
LUNGALUNGA,37276,7.3,34.2,0.3,57,0.1,0.6,0.1,0.1,0.1,0,0.2,0,0
MATUGA,39124,1.2,33.7,0.1,63.1,0,1.1,0.3,0.1,0,0.2,0,0,0
MSAMBWENI,45374,0.5,26.3,0.1,69.1,0.1,1.2,2,0.3,0,0.3,0.1,0,0
SAMBURU,34987,4.2,9.1,0.2,84.7,0.1,0.6,0.2,0.1,0.1,0.3,0.2,0,0.1
KILIFI,297990,2.1,20.5,0.2,71.6,0.1,1.1,3.4,0.4,0.1,0.2,0.2,0,0
CHONYI,11416,1.5,48.9,0.1,48.7,0,0.5,0.1,0,0,0.1,-,-,-
GANZE,23197,5.9,13.4,0.6,79.2,0.1,0.2,0.2,0,0.1,0,0.2,0,0.1
KALOLENI,36344,1,15.4,0.2,79.8,0.1,0.6,1.3,1.1,0,0.3,0.1,0,0
KAUMA,3479,3.1,37.6,0.1,58.5,0,0.2,0.3,-,0.1,0,0.1,-,-
KILIFI NORTH,39508,0.8,26.5,0.1,68.7,0,1.5,1.6,0.5,0,0.3,0,0,0
KILIFI SOUTH,53011,0.4,17.5,0.2,71.1,0.1,2,7.2,0.6,0,0.5,0.2,0.1,0
MAGARINI,32978,7,23.5,0.2,68,0.1,0.3,0.5,0,0.2,0,0.2,0,0
MALINDI,73317,1.9,18.2,0.1,70.8,0.1,1.3,6.7,0.2,0.1,0.2,0.4,0,0
RABAI,24740,0.3,18.9,0.1,78.2,0.1,0.5,0.9,0.1,0,0.3,0.4,0,0
TANA RIVER,66984,33.5,8.8,1.1,52.9,0.1,0.5,0.6,0.1,1.3,0,0.9,0,0.1
TANA DELTA,22395,34.7,19.1,0.5,42.1,0.1,0.5,0.2,0,1.8,0.1,0.8,0,0
TANA NORTH,26119,34.8,3.7,1.7,55.3,0.2,0.5,1.1,0,1.6,0,1,0,0
TANA RIVER,18470,30.3,3.5,0.9,62.8,0.1,0.6,0.4,0.2,0.4,0,0.7,-,0.1
LAMU,34231,9,19,0.3,55.6,0,1.2,13.7,0,0.4,0.1,0.6,0,0
LAMU EAST,4476,7.6,50,0.1,27.4,0,0.6,13.9,-,0.3,0,0.1,-,-
LAMU WEST,29755,9.2,14.4,0.3,59.8,0.1,1.3,13.7,0,0.4,0.1,0.7,0,0
TAITA/TAVETA,94468,0.9,0.3,0.2,94.9,0.3,1.5,1,0.3,0,0.3,0.1,0.1,0
MWATATE,23184,0.2,0.1,0.1,97.6,0.4,0.7,0.2,0.1,0.1,0.4,0.1,0,0
TAITA,14985,0.5,0,0.2,95,0.8,1.6,0.7,0.7,0,0.4,0,0.1,0
TAVETA,23417,2.4,1.1,0.2,92.6,0.1,2.2,0.6,0.2,0,0.3,0.2,0.1,0
VOI,32882,0.6,0,0.1,94.7,0.1,1.4,1.9,0.5,0,0.3,0.2,0.1,0
GARISSA,138940,33.9,2.2,4.6,53,0.8,1.2,3.1,0.4,0.2,0.1,0.3,0,0
BALAMBALA,3986,55.8,9,7.5,23.6,1.9,0.4,1.6,0.2,0.2,-,0,-,-
DADAAB,35169,19.7,1.6,8.7,65,1.2,0.9,2.1,0.2,0.3,0,0.2,0,0
FAFI,23351,33.8,3.6,5.3,52.5,1,0.2,1.9,0.3,0.7,0.1,0.4,0.2,0
GARISSA,29790,11.3,1.8,1.7,73.2,0.4,3.1,6.6,1.2,0.1,0.3,0.1,0,0.1
HULUGHO,20078,78.5,0.5,1.9,17.5,0.5,0,1.1,0,0,0,0,0,0
IJARA,18296,35.3,2.9,1.7,52.3,0.8,2,4,0.5,0.1,0.2,0.2,0,0
LAGDERA,8270,54.1,2,7.6,33.2,0.4,0.3,1,0.1,0,0,1.2,-,-
WAJIR,126878,50.8,3,4,36.2,0.5,0.8,2.8,0.4,0.3,0,1.1,0.1,0
BUNA,6480,40.4,1.9,4.3,41.8,0.4,0.6,0.5,0.2,0.1,0,9.7,0,-
ELDAS,13862,64.5,4.1,4.4,20.5,0.9,0.5,2.1,1,0.1,0,2,0,-
HABASWEIN,31113,32.3,2,3.1,55.5,0.7,0.9,4.4,0.2,0.5,0,0.3,0.1,0
TARBAJ,9241,78.8,1.8,2.8,15.3,0.4,0.2,0.4,0.3,0,-,0,-,-
WAJIR EAST,18282,36.1,4.6,1.7,49.5,0.5,1,5.1,0.7,0.1,0.2,0.2,0.3,0
WAJIR NORTH,10478,32.3,2.5,8.7,47.8,0.6,2.7,2.8,0.4,0,0,2,0,-
WAJIR SOUTH,21149,64.8,2.9,5.8,24.5,0.2,0.2,0.6,0,0.3,0,0.6,-,0
WAJIR WEST,16273,73.3,3.5,2.8,15.3,0.4,0.9,3,0.1,0.7,0,0,0,-
MANDERA,123954,43.1,4.5,4.5,42.2,0.6,0.6,2.6,0.2,0.8,0.1,0.8,0,0
MANDERA WEST,14201,31.9,1.5,7.7,53.3,0.5,1.3,1.6,0.3,0.4,0,1.5,-,0
BANISA,24000,44.7,4.1,7,40.1,0.5,0.4,1.3,0.1,0.7,0,1.1,0,0
KOTULO,9342,51.4,3.8,3.2,37.2,0.8,0.4,2.7,0.2,0.1,0,0.1,-,-
LAFEY,11380,58.3,7,3.2,26.7,1.1,0.4,0.7,0.5,1.7,0,0.2,0,-
MANDERA CENTRAL,20795,34.3,3,4.8,51.9,0.4,0.5,3.6,0.3,0.2,0,0.9,0,0.1
MANDERA EAST,25206,33.5,7,2.2,49.3,0.5,1.2,4.8,0.3,0.2,0.2,0.6,0,-
MANDERA NORTH,19030,58.6,4.5,3.3,28,0.4,0.2,2.2,0.1,2.2,0,0.5,0,-
MARSABIT,76689,31.1,10.5,1.7,43.2,0.2,0.8,0.9,0.1,0.2,0.1,11.4,0,0.1
LOIYANGALANI,7646,49.1,17,2.4,10.3,0,0.8,0.5,-,0.2,0,19.6,-,-
MARSABIT CENTRAL,15658,9.6,0.7,1,78.8,0.4,1.8,1,0.1,0.1,0.3,6,0,0
MARSABIT NORTH,7468,33.1,48.2,0.3,15.4,0.1,0.2,0.4,0,0.1,-,2.2,0,-
MARSABIT SOUTH,11563,36.2,8.5,1.7,10.9,0.1,0.2,0.4,-,0.1,0,41.9,0,0
MOYALE,17591,24,0.7,3,64.2,0.1,1,1.9,0.1,0.2,0.1,4.6,0,0
NORTH HORR,9601,49.7,18.8,0.6,25.1,0.6,0.1,0.1,0,0,-,4.6,-,0.4
SOLOLO,7162,40.5,1.9,1.8,53.7,0.1,0.3,0.8,0,0.6,-,0.3,-,0
ISIOLO,53217,15.9,1.4,2.5,70.2,0.3,0.7,1.9,0.3,0.3,0.4,6.1,0,0
GARBATULLA,17047,26.1,2.6,3.5,64.9,0.6,0.3,1.1,0.4,0.1,0.1,0.3,-,0
ISIOLO,27612,4.1,0.3,2.4,76,0.1,1.2,2.9,0.2,0.5,0.7,11.5,0,0
MERTI,8558,33.4,2.8,0.8,62.4,0.1,0.1,0.2,0,0.1,0,-,-,-
MERU,423931,0.5,0.1,0.2,94.3,0.1,1.8,1.4,0.2,0,0.7,0.3,0.1,0
BUURI EAST,23737,0,0,0.1,96.7,0.2,1.5,0.6,0.1,-,0.7,0.1,0,0
BUURI WEST,27905,0.2,0.1,0.1,95.3,0.1,2.5,0.6,0.1,0,0.4,0.5,0.1,0
IGEMBE CENTRAL,51848,0.7,0.2,0.2,96.4,0.1,1.2,0.3,0.1,0.1,0.5,0.2,0.1,0
IGEMBE NORTH,38716,0.8,0.2,0.5,95.2,0.1,1.6,0.7,0.1,0,0.3,0.3,0.2,0
IGEMBE SOUTH,43222,0.3,0.2,0.2,94.1,0.1,1.8,2,0.1,0,0.5,0.4,0.3,0.1
IMENTI NORTH,57556,0,0,0.1,90.6,0.1,1.8,4.9,0.5,0,1.3,0.6,0,0
IMENTI SOUTH,63954,0.2,0,0.1,94.2,0.1,2.3,1.5,0.2,0,1.1,0.2,0,0
MERU CENTRAL,39498,0.2,0,0.2,95.6,0.1,2.1,0.6,0.1,0,0.7,0.2,0,0
TIGANIA CENTRAL,24983,0.7,0.1,0.4,95.4,0.1,1.7,0.6,0.1,0.1,0.7,0.1,0.1,0
TIGANIA EAST,16791,5.3,0.3,0.8,89.6,0.1,1.7,0.6,0.1,0.1,0.6,0.7,0,0.1
TIGANIA WEST,35402,0.3,0.1,0.3,95.3,0.2,2.2,0.6,0.1,0,0.6,0.1,0.1,0
MERU NATIONAL PARK,46,-,-,-,97.8,2.2,- ,-,-,-,-,-,-,-
MT. KENYA FOREST,273,42.9,17.6,-,12.8,-,0.4,-,-,2.2,-,22,2.2,-
THARAKA-NITHI,109450,0.7,0.1,0.3,95.4,0.1,0.7,1.5,0.1,0,0.7,0.3,0,0
IGAMBANG'OMBE,14383,1.3,0.1,0.4,96.8,0.1,0.4,0.3,0.1,0,0.4,0,0,0
MAARA,34779,0.3,0,0.1,96.9,0.1,0.8,0.9,0.1,0,0.6,0,0,0
MERU SOUTH,28211,0.1,0,0.1,92.8,0.1,0.3,4,0.3,0,1.1,1.1,0,0
THARAKA NORTH,13403,2.4,0.5,0.9,94.5,0.2,0.8,0.1,0.1,0,0.5,0.1,0.1,0.1
THARAKA SOUTH,18603,1,0.1,0.5,96.3,0.2,0.9,0.4,0,0,0.6,-,0,0
MT. KENYA FOREST,71,-,-,-,100,-,- ,-,-,-,-,-,-,-
EMBU,182427,0.2,0,0.2,95,0.1,0.9,2.4,0.3,0,0.7,0.1,0,0
EMBU EAST,39586,0,0.1,0.2,96.6,0.1,1,0.8,0.2,0,0.9,0,0,-
EMBU NORTH,24294,0,0,0.1,97.8,0.1,0.7,0.5,0.3,0,0.4,0.1,0,0
EMBU WEST,43126,0,0,0.1,88.8,0.1,1.2,7.9,0.9,0,0.6,0.3,0,0
MBEERE SOUTH,45924,0.4,0,0.2,96.8,0.1,0.7,0.8,0.1,0,0.6,0.1,0,0
MBEERE NORTH,29483,0.4,0.1,0.4,97,0.1,0.7,0.4,0.1,0,0.7,0.1,0,0
MT. KENYA FOREST,14,-,-,-,92.9,-,7.1,-,-,-,-,-,-,-
KITUI,261814,2.7,0.3,0.4,93.1,0.1,1.5,1,0.3,0,0.5,0.1,0,0
IKUTHA,16579,3.5,0.1,0.3,94.4,0.1,1,0.3,0,0,0.2,0,0,0
KATULANI,12166,0.4,0.1,0.3,95.1,0.1,2.6,0.3,0.2,-,0.8,0.1,0.1,-
KISASI,10860,0.5,0,0.1,96.6,0.2,1,0.5,0.1,0,0.9,0,-,0
KITUI CENTRAL,29026,0.3,0,0.3,91.4,0.1,2.3,3.6,0.7,0.1,0.9,0.2,0,0
KITUI WEST,17465,0.2,0,0.1,95.7,0.1,1.8,0.6,0.7,-,0.6,0,0,-
KYUSO,15969,3.7,0.1,0.4,93.7,0.1,0.8,0.8,0.1,0,0.2,0.1,0.1,0
LOWER YATTA,15021,1.3,0.2,0.7,94,0.1,1.7,1.2,0.3,0.1,0.4,0,0,0
MATINYANI,11497,0.4,0,0.1,96.1,0.1,1.6,0.4,0.4,0,0.8,0,0,-
MIGWANI,18843,0.2,0,0.2,96.9,0.1,1.3,0.5,0.2,0,0.6,0,-,0
MUMONI,6451,3.1,0.1,0.1,95.4,0.2,0.7,0.1,0,-,0.3,0,-,0
MUTITU,11490,7.9,1.4,0.9,87.4,0.1,1.2,0.4,0.1,0.1,0.2,0.1,-,0.1
MUTITU NORTH,4929,2.4,0.2,0.3,94.6,0.2,0.5,0.2,0.2,0.1,1.1,0.1,0.1,0
MUTOMO,23034,7.3,1.2,0.3,88.7,0.2,1.5,0.2,0.2,0,0.3,0.1,0,0
MWINGI CENTRAL,26745,0.4,0.1,0.3,93.6,0.1,2.4,2.2,0.2,0,0.4,0.2,0.1,0
MWINGI EAST,18725,4.8,0.3,0.6,91.9,0.1,0.9,0.6,0.2,0.1,0.3,0.1,0,0
NZAMBANI,11276,0.7,0.1,0.1,95.8,0.1,1.3,0.8,0.2,0.1,0.9,0,-,-
THAGICU,3289,14.5,0.5,0.4,84.3,0,0.2,0,-,-,0.1,-,-,-
TSEIKURU,8449,12.1,0.3,0.9,85.7,0.1,0.4,0.5,0.1,0,-,0,-,-
MACHAKOS,399523,0.2,0,0.1,85.9,0.1,1.9,8.9,1.2,0,1.3,0.2,0.1,0
ATHI RIVER,109723,0.1,0,0.1,63.7,0.1,1.7,27.3,3.5,0.1,2.7,0.5,0.1,0.1
KALAMA,14137,0.3,0,0.2,95.6,0.2,1.8,1.1,0.4,0,0.4,0,0,0
KANGUNDO,26115,0.1,0,0,96.4,0.1,1.9,0.5,0.3,0,0.6,0,0,0
KATHIANI,28730,0,0,0.1,96.2,0.1,1.9,0.4,0.3,-,1,0,0,0
MACHAKOS,50753,0,0,0.1,91.2,0.2,2.4,4.2,0.9,0,0.8,0.1,0,0
MASINGA,36196,1.2,0.1,0.3,95.9,0.2,1.5,0.2,0.1,0,0.4,0,0,0
MATUNGULU,44399,0.2,0,0.2,91.5,0.1,2.8,3.5,0.3,0,1.3,0.1,0,0
MWALA,45809,0.2,0,0.1,96.9,0.1,1.1,0.7,0.2,0,0.5,0.1,0,0
YATTA,43661,0.6,0.2,0.2,93.9,0.2,2,2.1,0.2,0,0.5,0,0,0
MAKUENI,243979,0.6,0.1,0.1,96,0.1,1.6,0.6,0.2,0,0.5,0,0,0
KATHONZWENI,18362,1.7,0,0.1,95.9,0.2,1.3,0.3,0.1,0,0.3,0,0.1,0
KIBWEZI,47594,0.8,0,0.1,96.8,0.1,1.2,0.5,0.2,0,0.3,0,0,0
KILUNGU,14563,0.1,0,0.3,97.3,0.2,1.1,0.5,0.1,-,0.3,0.1,-,0
MAKINDU,21662,0.6,0,0.1,95.6,0.2,2,0.5,0.2,0,0.6,0.1,0,0
MAKUENI,34352,0.5,0,0.1,95.5,0.1,1.8,1,0.2,0,0.7,0,0,0
MBOONI EAST,23724,0.4,0.3,0.1,95.8,0.1,1.9,0.3,0.1,0,0.9,0,0,0
MBOONI WEST,24807,0.2,0,0.1,97.1,0.1,1.5,0.3,0.1,-,0.4,0,0,0
MUKAA,28109,0.3,0,0.2,95.8,0.2,1.1,1.3,0.4,0,0.6,0.1,0,0
NZAUI,30806,0.8,0.1,0.2,94.7,0.1,2.2,0.9,0.2,0.1,0.7,0,0,0
NYANDARUA,178224,0.1,0,0.1,97.2,0.1,0.8,0.8,0.1,0,0.3,0.4,0,0
KINANGOP,30847,0,0,0.1,96.7,0.1,1.1,1.1,0.3,0,0.4,0.3,0.1,0
NYANDARUA SOUTH,25650,0,0,0.1,96.5,0.1,0.9,1,0.1,0,0.3,1,0.1,0
MIRANGINE,17880,0,0,0.1,98.7,0.2,0.3,0.2,0.1,0,0.2,0.2,0,0
KIPIPIRI,25077,0.1,0,0.2,97.8,0.2,0.6,0.5,0.1,0,0.3,0.1,0.1,0
NYANDARUA CENTRAL,21852,0.1,0,0.1,96.6,0.1,1.1,1.3,0.2,0,0.4,0.1,0,0
NYANDARUA WEST,29003,0,0,0.1,97.1,0.1,0.7,1.1,0.2,0,0.3,0.4,0,0
NYANDARUA NORTH,27906,0.2,0,0.1,97.5,0.1,0.8,0.5,0.1,0,0.2,0.5,0,0
ABERDARE NATIONAL PARK,9,-,-,-,100,-,- ,-,-,-,-,-,-,-
NYERI,244564,0.1,0,0.1,93.8,0.1,1.6,2.9,0.5,0,0.6,0.2,0.1,0
TETU,24122,0,-,0,98,0.1,0.6,0.3,0.3,-,0.5,0.1,0.1,0
KIENI EAST,36751,0.5,0.1,0.1,95.2,0.1,1.4,1.6,0.2,0,0.5,0.4,0.1,0
KIENI WEST,27530,0.1,0,0.1,98.2,0.1,0.7,0.3,0.2,0,0.2,0.1,0.1,0
MATHIRA EAST,33945,0,0,0.1,91,0.1,1.9,5.7,0.5,0,0.5,0.1,0,0
MATHIRA WEST,18892,0.2,0,0.1,97.2,0.1,0.7,0.3,0.4,-,0.7,0.2,0.1,0
NYERI SOUTH,28103,-,0,0.1,94.9,0.2,1.2,2.2,0.3,0,0.6,0.4,0,0
MUKURWE-INI,27036,0,0,0.1,95.4,0.2,1.4,2.3,0.2,0,0.3,0,0,0
NYERI CENTRAL,48036,0,0,0,87.5,0.1,3.1,6.5,1.3,0,0.9,0.4,0.1,0
MT. KENYA FOREST,101,15.8,5,-,31.7,-,9.9,-,-,1,2,6.9,27.7,-
ABERDARE FOREST,48,-,-,-,100,-,- ,-,-,-,-,-,-,-
KIRINYAGA,203576,0,0,0.1,95,0.1,1.5,2.2,0.2,0,0.7,0.1,0,0
KIRINYAGA CENTRAL,40149,0,0,0,94.5,0.1,1.5,2.5,0.4,-,0.8,0.1,0.1,0
KIRINYAGA EAST,44509,0,0,0.1,95.5,0.1,1.8,1.2,0.2,0,1,0,0,0
KIRINYAGA WEST,37951,0,0,0.1,94.5,0.1,1.2,2.8,0.3,-,0.8,0.3,0,0
MWEA EAST,46331,0,0,0.1,94.5,0.1,1.2,3.2,0.2,0,0.5,0,0,0
MWEA WEST,34613,0,0,0.2,96,0.1,1.7,1.3,0.1,0,0.6,0,0,0
MT. KENYA FOREST,23,-,-,-,100,-,- ,-,-,-,-,-,-,-
MURANG'A,317496,0,0,0.2,93.5,0.2,1.5,3.5,0.3,0,0.6,0.1,0,0
MURANG'A EAST,34650,0,0,0.1,85.3,0.2,1.8,11.1,0.4,0,0.6,0.4,0,0
KANGEMA,25283,-,0,0.1,96.6,0.2,1,1.4,0.1,0,0.4,0.1,0,-
MATHIOYA,28372,0,0,0.1,96.7,0.2,0.6,1.5,0.5,0,0.3,0,0,0
KAHURO,26778,0,0,0.1,96,0.1,1,2.1,0.2,-,0.4,0.1,0,0
MURANG'A SOUTH,55878,0,0,0.3,92.2,0.1,1.8,4.6,0.2,0,0.6,0.1,0,0
GATANGA,55340,0,0,0.1,94.9,0.1,1.6,1,0.7,0,1.3,0.1,0.1,0
KIGUMO,40528,0,0,0.2,93.4,0.2,1.7,3.8,0.2,0,0.4,0.2,0,0
KANDARA,50657,0,0,0.2,94.6,0.2,1.8,2.2,0.2,0,0.5,0.1,0,0
ABERDARE FOREST,10,-,-,-,100,-,- ,-,-,-,-,-,-,-
KIAMBU,792333,0,0,0,76.5,0.1,1.8,18,1.4,0,1.4,0.5,0.1,0
GATUNDU NORTH,31452,0,0,0.1,95.5,0.1,0.9,1.9,0.4,0,0.8,0.1,0.2,0
GATUNDU SOUTH,35577,-,0,0.1,94.1,0.1,1.7,2.7,0.4,0,0.6,0.2,0.1,0
GITHUNGURI,49414,0,0,0,92,0.1,1.5,4.8,0.6,0,0.7,0.2,0.1,0
JUJA,104042,0,0,0,69.8,0.1,2.4,24.2,0.8,0,2.1,0.3,0.1,0
KABETE,66681,0,0,0.1,83.2,0.1,1.5,12.3,1.2,0,0.9,0.6,0.1,0
KIAMBAA,80316,0,0,0,79.1,0.1,1.5,16,1.2,0,1.1,0.8,0.1,0
KIAMBU,46816,-,0,0,71.1,0.1,1.4,20.9,2.2,0,3.4,0.7,0.1,0.1
KIKUYU,60619,0,0,0,76,0.1,2.3,17.5,2.2,0,1,0.7,0.1,0
LARI,38585,0,0,0,94.1,0.1,1.5,1.9,0.5,0,0.7,1,0,0
LIMURU,49096,0,0,0,88.4,0.1,1.4,7.5,1.1,0,0.9,0.4,0.1,0
RUIRU,127910,0,0,0,54.3,0.1,1.9,38.5,2.3,0,2.2,0.6,0.1,0
THIKA EAST,12736,0,-,0.1,91.3,0,3.4,3.7,0.1,-,1.2,0.1,0.1,0
THIKA WEST,89089,0,0,0.1,73.2,0.1,2.2,20.4,2.2,0,1.2,0.6,0.1,0
TURKANA,162627,41.3,19.5,1.2,33.1,0.3,0.4,0.3,0,0.9,0.1,2.8,0,0.1
KIBISH,5699,83.1,0.6,2.3,3.3,0.1,0.1,0.1,-,1.3,-,9.1,-,-
LOIMA,19139,53.5,37.3,1.2,5.6,0.1,0,0,-,1.1,-,1,0,0.1
TURKANA CENTRAL,37917,34.6,18.6,0.5,44.3,0.1,0.9,0.6,0.1,0.1,0.2,0.1,0,0
TURKANA EAST,17887,37.8,44,2.3,15,0.2,0.2,0.3,0,0.1,0,0,0,0.1
TURKANA NORTH,12964,73.9,10.7,0.2,8.2,0.4,0.2,0.1,0,0.6,-,5.8,-,0
TURKANA SOUTH,24281,29,23.3,1.8,41.6,0.3,0.4,0.3,0.1,0.5,0,2.7,-,0.1
TURKANA WEST,44740,35.2,5.8,1.2,49,0.7,0.3,0.4,0,2,0,5.2,0,0.1
WEST POKOT,115761,50.1,0.6,2.9,45.3,0.1,0.3,0.2,0.1,0,0.1,0.1,0.1,0
KIPKOMO,18367,37.1,1.2,2.5,58.7,0.1,0.1,0.1,0,0,0,0,0.1,-
POKOT CENTRAL,21784,61.9,0.4,1.9,35,0.1,0.2,0.1,0,0.1,0,0.3,-,0
POKOT NORTH,25736,76.3,0.8,5,17.3,0.1,0.3,0.1,0,0,-,0,0,0.1
POKOT SOUTH,13752,50.3,0.8,2.9,44.8,0.1,0.3,0.2,0,0,0,0.1,0.4,-
WEST POKOT,36122,30.9,0.3,2.2,64.8,0.1,0.5,0.5,0.3,0,0.3,0,0,0
SAMBURU,63951,21.7,6.7,19.7,31.1,0.3,0.8,0.5,0,0.1,0.1,19,0.1,0
SAMBURU CENTRAL,33720,17,8.5,25.9,40.5,0.2,1.2,0.6,0.1,0.1,0.1,5.7,0.1,0
SAMBURU EAST,17307,19.3,4.3,14.6,23.1,0.2,0.4,0.3,0,0.1,0.1,37.5,0,-
SAMBURU NORTH,12924,37.1,5.2,10.3,17.3,0.7,0,0.3,0,0,0,29,0,0
TRANS NZOIA,222989,2.3,0.1,0.9,94,0.1,1,0.6,0.6,0,0.2,0.1,0,0
TRANS NZOIA WEST,47576,1.4,0,0.6,93.4,0.1,1.7,1.1,1.2,0,0.2,0.2,0,0
TRANS NZOIA EAST,49955,1.4,0.1,1.2,95.6,0.1,0.9,0.2,0.2,0,0.3,0.2,0,0
KWANZA,45599,1.3,0,1.2,95.6,0.1,0.6,0.6,0.3,0,0.2,0,0,0
ENDEBESS,23246,12.9,0.2,1,85,0.1,0.3,0.1,0.2,0,0.1,0.1,0,0
KIMININI,56613,0.2,0.1,0.8,95.6,0.2,1.2,0.7,0.7,0,0.4,0.1,0,0
UASIN GISHU,301110,0.9,0.1,0.4,92.8,0.1,1.6,1.5,1.8,0,0.6,0.2,0,0
AINABKOI,34862,1.2,0.1,0.2,88.2,0.1,1.6,1.2,6.5,0,0.7,0.2,0,0
KAPSERET,59678,0.1,0,0.3,92,0.1,1.1,3,2.1,0,0.9,0.3,0,0
KESSES,34623,1.2,0.1,0.3,95.8,0.1,0.9,0.4,0.4,0,0.6,0.2,0,0
MOIBEN,46602,2,0.1,0.4,93.1,0.1,1.4,1.4,0.8,0,0.6,0.1,0,0
SOY,53758,1,0.1,0.5,94.9,0.1,1.6,0.6,0.7,0,0.4,0.1,0,0
TURBO,71587,0.6,0,0.4,92.6,0.1,2.6,1.6,1.3,0,0.4,0.2,0,0
ELGEYO/MARAKWET,99119,16.6,0.2,0.9,80.4,0.1,0.8,0.3,0.2,0,0.1,0.1,0.2,0
KEIYO NORTH,21749,8.1,0.1,0.2,88.6,0.1,1.5,0.2,0.7,0,0.4,0.2,0,0
KEIYO SOUTH,26740,8.4,0.2,0.3,88.9,0.2,1.3,0.2,0.2,0,0.1,0.1,0,0
MARAKWET EAST,21123,41.7,0.3,1.7,55.2,0.1,0.2,0.5,0,0,0,0,0.2,0
MARAKWET WEST,29507,12.2,0.2,1.3,84.7,0.1,0.3,0.3,0.1,0.1,0,0.2,0.5,0
NANDI,199040,2,0.1,0.8,95,0.1,1.1,0.3,0.3,0,0.3,0,0,0
CHESUMEI,39011,0.7,0,0.7,95.5,0.1,1.3,0.4,0.5,0,0.5,0.1,0,0
NANDI CENTRAL,34247,1.2,0.1,0.9,95.1,0.1,1.3,0.4,0.6,0,0.2,0.1,0,0
NANDI EAST,29249,0.9,0,0.4,97,0.1,0.6,0.5,0.2,0,0.2,0.1,0,0
NANDI NORTH,35257,2.3,0.1,0.9,94.9,0.1,1.1,0.1,0.1,0,0.3,0,0,0
NANDI SOUTH,37038,2.4,0.1,0.9,95.1,0.1,1,0.1,0.1,0,0.1,0,0,0
TINDERET,24238,5.7,0.1,0.8,91.9,0.1,0.9,0.2,0.1,0,0.1,0,0,0
BARINGO,141877,22.3,0.4,1.2,74.3,0.1,0.8,0.3,0.3,0,0.1,0.2,0,0
BARINGO CENTRAL,23523,6.4,0.1,0.2,90.5,0.1,1.3,0.6,0.6,0,0.3,0,0,0
BARINGO NORTH,23345,21.5,0.1,0.3,77.4,0.1,0.3,0.1,0.1,-,0,0,0,0
EAST POKOT,14392,75.6,1.6,7.2,14.6,0.1,0.2,0.4,0,0.1,0,0,-,-
KOIBATEK,30752,2.8,0.1,0.2,93.8,0.1,1.6,0.3,0.4,0,0.2,0.4,0,0
MARIGAT,19658,14,0.3,0.4,84.1,0.1,0.6,0.1,0.1,0,0,0.1,0,0
MOGOTIO,18169,7,0.1,0.3,91.1,0.1,0.3,0.6,0.3,0,0.2,0,-,-
TIATY EAST,12038,78,1.1,2.3,17.2,0,0.3,0.1,0,0.2,-,0.8,-,0
LAIKIPIA,145776,5.4,0.2,1.4,86.4,0.2,1.1,2.5,0.5,0.1,0.3,1.9,0,0
LAIKIPIA CENTRAL,29877,0.2,0.1,0.1,95.3,0.1,0.9,2.6,0.1,0,0.4,0.1,0,0
LAIKIPIA EAST,31311,2.6,0.4,0.2,86.8,0.4,1.3,4.5,1.4,0.1,0.6,1.7,0,0
LAIKIPIA NORTH,7694,35.8,0.5,15.6,34.8,0.2,0.4,0.9,0.1,0.7,0,10.9,0,0
LAIKIPIA WEST,32821,12.1,0.3,1.9,80.3,0.1,0.9,0.2,0,0.3,0,3.7,0,0
NYAHURURU,44073,0.6,0,0.1,93.7,0.1,1.3,3.1,0.5,0,0.2,0.2,0,0
NAKURU,598237,1.8,0.1,0.3,91.1,0.1,1.6,2.9,0.9,0.1,0.4,0.7,0.1,0
GILGIL,49405,0.4,0.1,0.2,93.7,0.1,1.4,2.2,0.7,0,0.4,0.7,0.1,0
KURESOI NORTH,40168,7.7,0.5,0.4,89.9,0.1,0.6,0.2,0.1,0.1,0.1,0.2,0.1,0
KURESOI SOUTH,34543,13.3,0.5,0.5,83.5,0.1,0.9,0.2,0.1,0,0.2,0.8,0,0
MOLO,41439,0.6,0.1,0.3,95.7,0.1,1.5,0.6,0.3,0.1,0.1,0.5,0.1,0
NAIVASHA,111493,0.6,0.1,0.2,91.5,0.1,1.5,3.9,0.6,0.1,0.5,1,0,0
NAKURU EAST,60066,0,0,0.1,80.2,0.1,4.3,10,3.2,0.1,0.8,0.9,0.2,0
NAKURU NORTH,61582,0,0,0.2,95.7,0.1,0.9,1.8,0.4,0,0.5,0.5,0,0
NAKURU WEST,64429,0,0,0.2,88.8,0.1,2,5,1.7,0,0.8,1.3,0,0
NJORO,61156,1.9,0.1,0.6,94.3,0.1,1.3,0.7,0.2,0,0.2,0.5,0,0
RONGAI,52248,0.6,0,0.3,94.7,0.1,0.9,1.3,1.2,0,0.6,0.3,0,0
SUBUKIA,21708,1.3,0.1,0.1,96.3,0.1,1.2,0.3,0.1,0,0.2,0,0,0
NAROK,238115,14.6,0.6,6.3,74.7,0.2,0.8,0.4,0.1,0.4,0.1,1.7,0,0
NAROK EAST,24860,9.9,1.2,5.2,72.3,0.4,1,0.6,0,2,0,7.3,0,0
NAROK NORTH,59802,1.5,0.5,0.8,92.4,0.2,1.1,1,0.2,0.4,0.1,1.9,0,0
NAROK SOUTH,46549,14.8,0.4,11.6,70.6,0.2,0.7,0.2,0,0.2,0,1.2,0,0
NAROK WEST,37782,9.4,0.4,19.4,68.8,0.1,0.5,0.2,0,0.2,0,0.7,0,0
TRANS MARA EAST,20439,50.5,0.4,0.9,47.4,0,0.7,0,0,-,0,0,0,0
TRANS MARA WEST,48683,22.1,1.1,0.8,74.1,0.1,0.6,0.2,0,0.2,0.1,0.5,0,0
MAU FOREST,-,-,-,-,-,-,- ,-,-,-,-,-,-,-
KAJIADO,313218,6.1,0.2,3.4,69.4,0.2,2,13.9,2.1,0.1,1.2,1.3,0,0
ISINYA,71395,0.1,0.1,0.1,63.8,0.2,2.9,27.9,2.3,0.1,2.1,0.4,0,0.1
KAJIADO CENTRAL,37059,11.9,0.2,12.7,70.9,0.2,1.7,1.1,0.2,0.1,0.2,0.7,0.1,0
KAJIADO NORTH,100908,0,0,0,70.1,0.1,1.8,20.7,4.2,0,1.7,1.2,0.1,0
KAJIADO WEST,42367,19.3,0.8,9.8,61.3,0.2,1.5,4.6,1.1,0,0.7,0.6,0,0
LOITOKITOK,45581,14.1,0.5,2.7,76,0.2,1.5,0.5,0.2,0.3,0.2,3.8,0,0
MASHUURU,15908,1.1,0.1,3,89.3,0.2,1.9,1.7,0.4,0.2,0.2,1.7,0,0
KERICHO,205932,2.2,0.1,0.5,94.5,0.1,0.9,0.9,0.2,0,0.3,0.1,0,0
BELGUT,34978,1.1,0.1,0.6,93.9,0.1,1.4,2.2,0.2,-,0.4,0,0,0
BURETI,43098,1.5,0.2,0.6,95.3,0.1,1.3,0.3,0.2,0,0.4,0.1,0,0
KERICHO EAST,44246,1.4,0,0.2,94.2,0.1,0.9,2.1,0.5,0.1,0.3,0.1,0,0.1
KIPKELION,24676,3.4,0.3,0.1,95.3,0.1,0.3,0.1,0.1,0,0.1,0,0.2,0
LONDIANI,31739,2,0.1,0.5,96.1,0.1,0.7,0.2,0.1,0,0.2,0,0,0
SOIN SIGOWET,27195,5.3,0.1,1.1,91.9,0.2,0.7,0.2,0.2,0,0.2,0,0,0
BOMET,187230,6.8,0.2,0.6,90.5,0.1,0.6,0.7,0.2,0,0.1,0.1,0,0
BOMET EAST,29897,6.2,0.2,0.9,91.9,0.1,0.4,0.1,0,0,0.1,0,-,0
CHEPALUNGU,33850,16.7,0.2,0.7,81.6,0.1,0.5,0.1,0,0,0,0,0,0
KONOIN,38123,1.1,0.1,0.3,94.6,0.1,1.3,2.2,0.1,0,0.2,0.1,0,0
SOTIK,47265,8,0.2,0.7,89.3,0.1,0.6,0.3,0.6,0,0.2,0.1,0,0
BOMET CENTRAL,38095,2.8,0.2,0.4,95,0.1,0.4,0.8,0.1,0,0.1,0.1,-,0
KAKAMEGA,432284,3.7,0.1,1.1,93.3,0.1,0.8,0.4,0.1,0,0.2,0.1,0,0
BUTERE,36243,4.8,0.2,1.3,92.2,0.1,0.8,0.2,0.1,0,0.2,0,0,0
KAKAMEGA CENTRAL,51956,0.4,0,0.6,94.4,0.1,1.6,1.8,0.4,0,0.3,0.3,0,0
KAKAMEGA EAST,39589,1.9,0.2,1.8,94.5,0.1,0.8,0.4,0.2,0,0.1,0,0,0.1
KAKAMEGA NORTH,50952,8.4,0.1,0.9,89.7,0.1,0.4,0.1,0,0,0.1,0,0,0
KAKAMEGA SOUTH,26940,0.3,0.1,1.7,97,0,0.4,0.2,0.1,0,0.1,0,0,0
KHWISERO,27681,2,0.1,1,95.6,0.1,0.5,0.3,0.1,0,0.1,0.1,0,0
LIKUYANI,34776,0.3,0,1.1,96.5,0.2,0.9,0.3,0.2,0,0.3,0,0,0
LUGARI,27817,0.2,0,1.2,96.3,0.1,1.2,0.3,0.2,0,0.4,0.1,-,0
MATETE,13956,4.1,0.1,1.3,93.4,0.1,0.7,0.2,0.1,0,0.1,-,-,-
MATUNGU,36414,8.1,0.2,1.4,89,0.1,0.6,0.2,0.1,0,0.3,0,0,0
MUMIAS EAST,25995,3.9,0.1,0.8,93.9,0.1,0.7,0.2,0.1,-,0.2,0,0,0
MUMIAS WEST,27650,5.5,0.1,0.8,91.1,0.1,1.4,0.4,0.2,0,0.2,0.2,-,0
NAVAKHOLO,32315,6.5,0.2,1,91.4,0.1,0.4,0.1,0.1,0,0.1,0,-,0
VIHIGA,143288,0.2,0.1,0.9,97.4,0.1,0.4,0.4,0.2,0,0.2,0.1,0,0
EMUHAYA,23803,0.3,0.1,0.9,98,0.1,0.2,0.1,0.1,-,0.1,0,-,0
VIHIGA,23359,0.2,0.1,1,96.9,0.1,0.4,0.7,0.3,0,0.2,0.1,-,0
SABATIA,31391,0.2,0.1,0.8,97,0.1,0.6,0.6,0.4,0,0.2,0.1,0,0
LUANDA,26766,0.3,0,0.8,97.7,0.1,0.2,0.4,0.1,-,0.1,0.1,-,0
HAMISI,37965,0.2,0.1,0.9,97.4,0.1,0.5,0.3,0.1,0,0.2,0.1,0,0
KAKAMEGA FOREST,4,25,-,-,75,-,- ,-,-,-,-,-,-,-
BUNGOMA,357714,2,0.1,1.2,94.8,0.1,0.9,0.4,0.2,0,0.2,0.1,0,0
BUMULA,44922,4.5,0.2,1.4,92.9,0.2,0.6,0.2,0,0,0.1,0,0,0
BUNGOMA CENTRAL,37535,0.6,0.1,1,96.9,0.2,0.7,0.2,0.1,0,0.2,0.1,0,0
BUNGOMA EAST,24798,0.2,0,1.4,95.9,0.1,1.7,0.3,0.1,0,0.1,0,0.2,0
BUNGOMA NORTH,24940,0.1,0,1.2,96.9,0.1,1.1,0.2,0.1,-,0.2,0,0,0
BUNGOMA SOUTH,69088,0.7,0.1,1.1,95,0.1,1.2,1,0.3,0,0.4,0.1,0,0
CHEPTAIS,26007,7.4,0.3,1.2,89.7,0.1,0.6,0.1,0,0,0.1,0.4,0,0
KIMILILI,35053,0.1,0.1,1.5,96.4,0.2,0.6,0.5,0.2,0,0.2,0.2,0,0
MT. ELGON,15230,5,0.2,0.7,92.4,0.1,0.8,0.3,0.1,0.1,0.1,0.1,-,0
BUNGOMA WEST,25166,3.3,0.2,0.9,94.4,0.2,0.7,0.1,0.1,-,0.1,0,0,0
TONGAREN,21343,0.2,0,0.6,97.6,0.1,0.9,0.1,0.2,0,0.2,0,0,0
WEBUYE WEST,32834,0.4,0,1.2,96.5,0.1,0.7,0.3,0.3,0,0.3,0,0,0
MT. ELGON FOREST,798,93.4,0.3,0.3,5.6,-,- ,-,-,-,-,0.5,-,-
BUSIA,197944,10.8,0.2,0.5,86.6,0.1,0.8,0.5,0.1,0,0.2,0.1,0,0
BUNYALA,19028,9.8,0.3,0.2,88.2,0.1,0.6,0.2,0.1,0.1,0.2,0.3,0,0
BUSIA,33152,5.7,0.2,0.5,90.6,0.1,1.3,0.9,0.2,0,0.3,0.2,0,0
BUTULA,32199,12.2,0.2,0.6,85.8,0.1,0.5,0.2,0.1,0,0.2,0,0,0
NAMBALE,23889,8.7,0.2,0.7,88.7,0.1,1,0.4,0.1,0,0.1,0,0,0
SAMIA,23813,11.4,0.4,0.6,86.2,0.1,0.6,0.2,0.2,-,0.4,0,0,-
TESO NORTH,29314,12.7,0.1,0.4,84.8,0.1,0.6,0.9,0.2,0,0.1,0.1,0,0
TESO SOUTH,36549,14,0.2,0.5,83.1,0.1,0.9,0.6,0.1,0,0.3,0.1,0,0
SIAYA,249341,4.4,0.2,0.4,92.9,0.1,0.8,0.4,0.2,0,0.4,0.1,0,0
SIAYA,57386,5.4,0.2,0.4,91.4,0.2,1.2,0.4,0.3,0,0.4,0.1,0,0.1
GEM,44696,4.4,0.2,0.4,93.4,0.1,0.5,0.3,0.2,0,0.3,0,0,0
UGENYA,33554,8.2,0.2,0.4,89.3,0.1,1,0.2,0.1,0,0.4,0,0,0
UGUNJA,26321,5.7,0.1,0.6,91.6,0.1,0.8,0.3,0.3,0,0.3,0,0,0
BONDO,50454,1.3,0.1,0.4,95.7,0.1,0.7,0.7,0.2,0,0.6,0,0,0
RARIEDA,36930,2.6,0.2,0.4,95.1,0.2,0.7,0.3,0.1,0,0.3,0,0,0.1
KISUMU,296846,0.4,0.1,0.5,93.5,0.1,1.5,2.5,0.7,0,0.5,0.2,0,0
KISUMU EAST,61499,0.1,0.1,0.3,95.3,0.1,0.7,2.3,0.2,0,0.5,0.3,0,0
KISUMU CENTRAL,52163,0,0,0.1,82.1,0.1,4.3,9.4,2.8,0,0.7,0.4,0.1,0
KISUMU WEST,42785,0.3,0,0.4,95.9,0.1,0.8,1,0.7,0,0.7,0.1,0,0
SEME,29404,1.2,0.1,0.5,96.4,0.2,0.8,0.3,0.1,0,0.3,0,0,0
MUHORONI,36982,1.4,0.1,0.6,95.4,0.1,1.3,0.6,0.3,-,0.2,0,0,0
NYANDO,38460,0.3,0,1.1,96.9,0.1,0.5,0.3,0.1,0,0.5,0,0,0
NYAKACH,35553,0.3,0,1.1,96.2,0.1,1.2,0.4,0.2,0,0.4,0,0,0
HOMA BAY,260290,0.9,0.1,0.7,96.3,0.2,0.8,0.4,0.1,0,0.4,0.1,0,0
HOMA BAY,28471,0.1,0,0.3,96.4,0.2,1.1,1,0.3,0,0.5,0.2,0,0
NDHIWA,47956,1.7,0.1,0.8,95.8,0.2,0.8,0.2,0.1,0,0.3,0,0,0
RACHUONYO NORTH,41661,0.2,0,0.6,97.1,0.2,0.7,0.4,0.1,0,0.6,0,0,0
RACHUONYO EAST,27229,0.3,0,0.8,97.4,0.1,0.6,0.2,0.1,-,0.3,0,0,0
RACHUONYO SOUTH,30693,0.2,0,0.8,96.1,0.2,1.1,0.7,0.1,0,0.6,0.1,0,0
RANGWE,26983,0.3,0.1,1.2,96.2,0.3,0.9,0.3,0.1,0,0.6,0,0,0
SUBA NORTH,29662,0.6,0.1,0.4,97.4,0.2,0.5,0.4,0,-,0.2,0,0,0
SUBA SOUTH,27635,3.6,0.2,1.1,93.6,0.2,0.6,0.3,0.1,0,0.3,0.1,0,0
MIGORI,238133,2.5,0.2,0.9,94.1,0.2,1,0.5,0.1,0,0.4,0.1,0,0
AWENDO,27014,0.2,0,0.8,95.2,0.1,2.6,0.3,0.2,0,0.4,0.1,0.1,0
KURIA EAST,17267,9,0.5,1.7,86.8,0.4,0.9,0.3,0.1,0,0.2,0,0,0
KURIA WEST,39723,3.4,0.2,1.1,93.6,0.1,0.7,0.4,0.1,0,0.2,0.1,0,0
NYATIKE,39358,4.4,0.3,0.3,93.6,0.2,0.6,0.2,0.1,0,0.3,0,0.1,0
RONGO,29007,0.2,0,0.8,96.4,0.2,0.7,0.9,0.2,0,0.6,0,0,0
SUNA EAST,27214,0.8,0.1,0.8,94.5,0.1,1.3,1,0.2,0,0.8,0.3,0,0.1
SUNA WEST,28839,2.5,0.1,0.5,94.2,0.2,1,0.8,0.2,0,0.3,0.2,0,0
URIRI,29711,0.8,0.1,1.7,96.1,0.2,0.5,0.3,0.1,0,0.3,0,0,0
KISII,307254,1,0.1,0.9,95.3,0.1,0.5,1.6,0.2,0,0.3,0.1,0,0
ETAGO,18610,2.2,0.1,1.4,95.3,0.1,0.3,0.2,0.1,-,0.2,0,0.1,0
GUCHA,19621,0.5,0.1,1.6,94.8,0.1,1.1,1.2,0.2,0,0.3,0.1,0,0
GUCHA SOUTH,19627,0.4,0.1,1.3,96.5,0.1,0.5,0.5,0.1,-,0.5,0,0,0
KENYENYA,30985,1.7,0.1,0.9,96.3,0.1,0.2,0.5,0.1,-,0.1,0,0,0
KISII CENTRAL,44037,0.6,0.1,0.6,92.7,0.1,0.4,4.4,0.3,0,0.4,0.3,0,0
KISII SOUTH,31574,0.4,0,0.7,96.8,0.1,0.3,1.2,0.1,0,0.3,0,0,0
KITUTU CENTRAL,41233,0.2,0,0.5,93.6,0.1,0.6,4,0.2,-,0.5,0.1,0,0
MARANI,26133,0.7,0.1,1.5,96.4,0.1,0.8,0.2,0,0,0.1,0,0,0
MASABA SOUTH,29206,1.9,0.1,0.4,96.5,0.1,0.3,0.4,0.1,-,0.2,0,0,0
NYAMACHE,30583,2.4,0.2,1.1,95.3,0.2,0.3,0.4,0.2,0,0.2,0,0,0
SAMETA,15645,0.8,0.2,0.8,96.4,0.2,0.6,0.3,0.2,0,0.5,0,0,0
NYAMIRA,150499,0.8,0.1,1,96.1,0.1,0.6,0.8,0.2,0,0.3,0.1,0,0
BORABU,19404,0.6,0.1,0.7,95,0.1,1.1,1,0.9,0,0.4,0,-,0
MANGA,23836,0.8,0.2,1.1,96.4,0.1,0.5,0.5,0.1,0,0.3,-,0,0
MASABA NORTH,27904,1.8,0.1,0.8,95.6,0.1,0.4,0.8,0.1,0,0.3,0.1,-,0
NYAMIRA NORTH,40396,0.4,0,1.1,97,0.1,0.5,0.3,0.1,0,0.3,0.1,0,0
NYAMIRA SOUTH,38959,0.4,0.1,1.2,95.7,0.1,0.6,1.2,0.2,0,0.3,0.1,0,0
NAIROBI CITY,1494676,0,0,0.1,51.3,0.1,2.5,39.4,4.5,0.1,1,0.8,0.1,0.1
DAGORETTI,154949,0,0,0,80.6,0.1,1.4,15.1,0.9,0.1,0.5,1,0.1,0.1
EMBAKASI,346462,0,0,0,38,0.1,2.4,54.7,3.3,0,0.6,0.7,0.1,0
KAMUKUNJI,83680,0,0,0.1,50.6,0.1,1.7,41.6,3.6,0.1,0.8,1.2,0.1,0.1
KASARANI,268611,0,0.1,0,39.4,0.1,2.6,53.8,2.2,0,0.9,0.8,0.1,0
KIBRA,61651,0,0,0.4,79.4,0.1,3.2,9.9,5.5,0.1,0.4,0.8,0.1,0
LANG'ATA,60187,0,0,0.1,44,0.1,3.1,26.6,21.1,0.1,3.7,0.8,0.4,0.1
MAKADARA,70080,0,0.1,0,57,0.1,8,19.5,11.9,0,2.2,1,0.2,0
MATHARE,74967,0.1,0,0.1,52.6,0.1,1.2,44.2,0.4,0,0.3,0.8,0.1,0.1
NJIRU,204492,0,0,0,58.9,0.1,1.9,36.5,1,0,0.8,0.5,0.1,0.1
STAREHE,66108,0,0,0,51.7,0.2,2.7,35.8,6.4,0.1,1.8,1.1,0.1,0.1
WESTLANDS,103489,0,0,0,51,0.1,2.5,28.5,14.4,0.1,2.2,0.9,0.3,0
